序号,分组（英文）,分组（中文）,配方英文名,配方中文译名,可制作,头,身,左手,右手,左腿,右腿
1,Skeleton,骷髅,Skeleton Battle-monk,骷髅 战斗武僧,是,Skeleton Head with Magic Hat,Skeleton Body with Cloak,Skeleton Arm with Armor and Axe / Skeleton Arm with Armor and Sword,Skeleton Arm with Armor and Axe / Skeleton Arm with Armor and Sword,Skeleton Leg with Boot,Skeleton Leg with Boot
2,Skeleton,骷髅,Skeleton Cleric,骷髅 牧师,是,Skeleton Head with Magic Hat,Skeleton Body with Cloak,Skeleton Arm with Armor and Axe / Skeleton Arm with Armor and Sword,Skeleton Arm with Armor and Shield,Skeleton Leg with Boot,Skeleton Leg with Boot
3,Skeleton,骷髅,Skeleton Court Mage,骷髅 宫廷法师,是,Skeleton Head with Magic Hat,Skeleton Body with Cloak,Skeleton Arm with Magic Wand,Skeleton Arm with Armor and Shield,Skeleton Leg with Boot,Skeleton Leg with Boot
4,Skeleton,骷髅,Skeleton Cultist,骷髅邪教徒,是,Skeleton Head,Skeleton Body,Skeleton Arm with Magic Wand,Skeleton Arm with Crossbow,Skeleton Leg,Skeleton Leg
5,Skeleton,骷髅,Skeleton Defender,骷髅 防御者,是,Skeleton Head with Magic Hat,Skeleton Body with Cloak,Skeleton Arm with Crossbow,Skeleton Arm with Shield,Skeleton Leg,Skeleton Leg
6,Skeleton,骷髅,Skeleton Fire Battlemage,骷髅 火焰战斗法师,是,Skeleton Head with Helmet,Skeleton Body with Armor,Skeleton Arm with Magic Wand,Skeleton Arm with the Book of Fire,Skeleton Leg with Boot,Skeleton Leg with Boot
7,Skeleton,骷髅,Skeleton Guardian,骷髅 守卫,是,Skeleton Head with Magic Hat,Skeleton Body with Cloak,Skeleton Arm with Armor and Crossbow,Skeleton Arm with Armor and Shield,Skeleton Leg with Boot,Skeleton Leg with Boot
8,Skeleton,骷髅,Skeleton Ice Battlemage,骷髅 寒冰战斗法师,是,Skeleton Head with Helmet,Skeleton Body with Armor,Skeleton Arm with Magic Wand,Skeleton Arm with a Book of Ice,Skeleton Leg with Boot,Skeleton Leg with Boot
9,Skeleton,骷髅,Skeleton Inquisitor,骷髅 审判官,是,Skeleton Head with Helmet,Skeleton Body with Armor,Skeleton Arm with Magic Wand,Skeleton Arm with Armor and Crossbow,Skeleton Leg with Boot,Skeleton Leg with Boot
10,Skeleton,骷髅,Skeleton Mage Bodyguard,骷髅 法师护卫,是,Skeleton Head,Skeleton Body,Skeleton Arm with Magic Wand,Skeleton Arm with Shield,Skeleton Leg,Skeleton Leg
11,Skeleton,骷髅,Skeleton Mage Support,骷髅 辅助法师,是,Skeleton Head with Magic Hat,Skeleton Body with Cloak,Skeleton Arm with Magic Wand,Skeleton Arm with Shield,Skeleton Leg,Skeleton Leg
12,Skeleton,骷髅,Skeleton Mage-renegade,骷髅 叛逆法师,是,Skeleton Head with Helmet,Skeleton Body with Armor,Skeleton Arm with Magic Wand,Skeleton Arm with Magic Wand,Skeleton Leg with Boot,Skeleton Leg with Boot
13,Skeleton,骷髅,Skeleton Monk,骷髅 武僧,是,Skeleton Head with Magic Hat,Skeleton Body with Cloak,Skeleton Arm with Axe / Skeleton Arm with Sword,Skeleton Arm with Axe / Skeleton Arm with Sword,Skeleton Leg,Skeleton Leg
14,Skeleton,骷髅,Skeleton Monster Hunter,骷髅 怪物猎人,是,Skeleton Head with Magic Hat,Skeleton Body with Cloak,Skeleton Arm with Axe / Skeleton Arm with Sword,Skeleton Arm with Crossbow,Skeleton Leg,Skeleton Leg
15,Skeleton,骷髅,Skeleton Paladin,骷髅 圣骑士,是,Skeleton Head with Helmet,Skeleton Body with Armor,Skeleton Arm with Magic Wand,Skeleton Arm with Armor and Axe / Skeleton Arm with Armor and Sword,Skeleton Leg with Boot,Skeleton Leg with Boot
16,Skeleton,骷髅,Skeleton Priest,骷髅 祭司,是,Skeleton Head,Skeleton Body,Skeleton Arm with Magic Wand,Skeleton Arm with Axe / Skeleton Arm with Sword,Skeleton Leg,Skeleton Leg
17,Skeleton,骷髅,Skeleton Scout,骷髅 斥候,是,Skeleton Head with Magic Hat,Skeleton Body with Cloak,Skeleton Arm with Armor and Crossbow,Skeleton Arm with Armor and Crossbow,Skeleton Leg with Boot,Skeleton Leg with Boot
18,Skeleton,骷髅,Skeleton Sorcerer,骷髅 术士,是,Skeleton Head with Magic Hat,Skeleton Body with Cloak,Skeleton Arm with Magic Wand,Skeleton Arm with Axe / Skeleton Arm with Sword,Skeleton Leg,Skeleton Leg
19,Skeleton,骷髅,Skeleton Spy,骷髅 间谍,是,Skeleton Head with Magic Hat,Skeleton Body with Cloak,Skeleton Arm with Crossbow,Skeleton Arm with Crossbow,Skeleton Leg,Skeleton Leg
20,Skeleton,骷髅,Skeleton Wanderer,骷髅 流浪者,是,Skeleton Head with Magic Hat,Skeleton Body with Cloak,Skeleton Arm with Axe / Skeleton Arm with Sword,Skeleton Arm with Shield,Skeleton Leg,Skeleton Leg
21,Skeleton,骷髅,Skeleton Witcher,骷髅 猎魔人,是,Skeleton Head with Magic Hat,Skeleton Body with Cloak,Skeleton Arm with Armor and Axe / Skeleton Arm with Armor and Sword,Skeleton Arm with Armor and Crossbow,Skeleton Leg with Boot,Skeleton Leg with Boot
22,Skeleton,骷髅,Skeleton Witchhunter,骷髅 女巫猎人,是,Skeleton Head with Magic Hat,Skeleton Body with Cloak,Skeleton Arm with Magic Wand,Skeleton Arm with Crossbow,Skeleton Leg,Skeleton Leg
23,Skeleton,骷髅,Banished Skeleton Mage,被放逐的骷髅法师,是,Skeleton Head,Skeleton Body,Skeleton Arm with Magic Wand,Skeleton Arm with Magic Wand,Skeleton Leg,Skeleton Leg
24,Skeleton,骷髅,Bone Warrior,骸骨战士,是,Skeleton Head,Skeleton Body,Skeleton Arm with Axe / Skeleton Arm with Sword,Skeleton Arm with Shield,Skeleton Leg,Skeleton Leg
25,Skeleton,骷髅,Skeleton Assassin,骷髅 刺客,是,Skeleton Head with Helmet,Skeleton Body with Armor,Skeleton Arm with Armor and Axe / Skeleton Arm with Armor and Sword,Skeleton Arm with Armor and Crossbow,Skeleton Leg with Boot,Skeleton Leg with Boot
26,Skeleton,骷髅,Skeleton Bandit,骷髅 强盗,是,Skeleton Head with Helmet,Skeleton Body with Armor,Skeleton Arm with Armor and Sword,Skeleton Arm with Armor and Sword,Skeleton Leg with Boot,Skeleton Leg with Boot
27,Skeleton,骷髅,Skeleton Berserker,骷髅 狂战士,是,Skeleton Head with Helmet,Skeleton Body with Armor,Skeleton Arm with Armor and Axe,Skeleton Arm with Armor and Axe,Skeleton Leg with Boot,Skeleton Leg with Boot
28,Skeleton,骷髅,Skeleton Bounty Hunter,骷髅 赏金猎人,是,Skeleton Head,Skeleton Body,Skeleton Arm with Axe / Skeleton Arm with Sword,Skeleton Arm with Crossbow,Skeleton Leg,Skeleton Leg
29,Skeleton,骷髅,Skeleton Butcher,骷髅 屠夫,是,Skeleton Head,Skeleton Body,Skeleton Arm with Axe,Skeleton Arm with Axe,Skeleton Leg,Skeleton Leg
30,Skeleton,骷髅,Skeleton Cryomancer,骷髅 冰霜术士,是,Skeleton Head with Magic Hat,Skeleton Body with Cloak,Skeleton Arm with a Book of Ice,Skeleton Arm with a Book of Ice,Skeleton Leg,Skeleton Leg
31,Skeleton,骷髅,Skeleton Elementalist,骷髅 元素法师,是,Skeleton Head with Magic Hat,Skeleton Body with Cloak,Skeleton Arm with the Book of Fire,Skeleton Arm with a Book of Ice,Skeleton Leg,Skeleton Leg
32,Skeleton,骷髅,Skeleton Fire Mage,骷髅 火焰法师,是,Skeleton Head with Magic Hat,Skeleton Body with Cloak,Skeleton Arm with Magic Wand,Skeleton Arm with the Book of Fire,Skeleton Leg,Skeleton Leg
33,Skeleton,骷髅,Skeleton Fire Mage Apprentice,骷髅 火法学徒,是,Skeleton Head,Skeleton Body,Skeleton Arm with Magic Wand,Skeleton Arm with the Book of Fire,Skeleton Leg,Skeleton Leg
34,Skeleton,骷髅,Skeleton Guardian,骷髅 守卫,是,Skeleton Head with Helmet,Skeleton Body with Armor,Skeleton Arm with Armor and Crossbow,Skeleton Arm with Armor and Shield,Skeleton Leg with Boot,Skeleton Leg with Boot
35,Skeleton,骷髅,Skeleton Ice Mage,骷髅 寒冰法师,是,Skeleton Head with Magic Hat,Skeleton Body with Cloak,Skeleton Arm with Magic Wand,Skeleton Arm with a Book of Ice,Skeleton Leg,Skeleton Leg
36,Skeleton,骷髅,Skeleton Ice Mage Apprentice,骷髅 冰法学徒,是,Skeleton Head,Skeleton Body,Skeleton Arm with Magic Wand,Skeleton Arm with a Book of Ice,Skeleton Leg,Skeleton Leg
37,Skeleton,骷髅,Skeleton Pyromancer,骷髅 炎术士,是,Skeleton Head with Magic Hat,Skeleton Body with Cloak,Skeleton Arm with the Book of Fire,Skeleton Arm with the Book of Fire,Skeleton Leg,Skeleton Leg
38,Skeleton,骷髅,Skeleton Ranger,骷髅 游侠,是,Skeleton Head with Helmet,Skeleton Body with Armor,Skeleton Arm with Armor and Crossbow,Skeleton Arm with Armor and Crossbow,Skeleton Leg with Boot,Skeleton Leg with Boot
39,Skeleton,骷髅,Skeleton Ripper,骷髅 撕裂者,是,Skeleton Head with Helmet,Skeleton Body with Armor,Skeleton Arm with Armor and Axe,Skeleton Arm with Armor and Sword,Skeleton Leg with Boot,Skeleton Leg with Boot
40,Skeleton,骷髅,Skeleton Rogue,骷髅 盗贼,是,Skeleton Head,Skeleton Body,Skeleton Arm with Sword,Skeleton Arm with Sword,Skeleton Leg,Skeleton Leg
41,Skeleton,骷髅,Skeleton Shooter,骷髅 射手,是,Skeleton Head,Skeleton Body,Skeleton Arm with Crossbow,Skeleton Arm with Crossbow,Skeleton Leg,Skeleton Leg
42,Skeleton,骷髅,Skeleton Soldier,骷髅 士兵,是,Skeleton Head with Helmet,Skeleton Body with Armor,Skeleton Arm with Armor and Axe / Skeleton Arm with Armor and Sword,Skeleton Arm with Armor and Shield,Skeleton Leg with Boot,Skeleton Leg with Boot
43,Skeleton,骷髅,Skeleton Sorcerer,骷髅 术士,是,Skeleton Head with Magic Hat,Skeleton Body with Cloak,Skeleton Arm with Magic Wand,Skeleton Arm with Magic Wand,Skeleton Leg,Skeleton Leg
44,Skeleton,骷髅,Skeleton Stormtrooper,骷髅 突击兵,是,Skeleton Head,Skeleton Body,Skeleton Arm with Shield,Skeleton Arm with Crossbow,Skeleton Leg,Skeleton Leg
45,Skeleton,骷髅,Skeleton Torturer,骷髅 拷问者,是,Skeleton Head,Skeleton Body,Skeleton Arm with Axe,Skeleton Arm with Sword,Skeleton Leg,Skeleton Leg
46,Zombie,僵尸,Dead Battle-monk,亡者 战斗武僧,是,Zombie Head with Magic Hat,Zombie Body with Cloak,Zombie Arm with Armor and Axe / Zombie Arm with Armor and Sword,Zombie Arm with Armor and Axe / Zombie Arm with Armor and Sword,Zombie Leg with Boot,Zombie Leg with Boot
47,Zombie,僵尸,Dead Cleric,亡者 牧师,是,Zombie Head with Magic Hat,Zombie Body with Cloak,Zombie Arm with Armor and Axe / Zombie Arm with Armor and Sword,Zombie Arm with Armor and Shield,Zombie Leg with Boot,Zombie Leg with Boot
48,Zombie,僵尸,Dead Court Mage,亡者 宫廷法师,是,Zombie Head with Helmet,Zombie Body with Armor,Zombie Arm with Magic Wand,Zombie Arm with Armor and Shield,Zombie Leg with Boot,Zombie Leg with Boot
49,Zombie,僵尸,Dead Cultist,亡者邪教徒,是,Zombie Head,Zombie Body,Zombie Arm with Magic Wand,Zombie Arm with Crossbow,Zombie Leg,Zombie Leg
50,Zombie,僵尸,Dead Defender,亡者 防御者,是,Zombie Head with Magic Hat,Zombie Body with Cloak,Zombie Arm with Shield,Zombie Arm with Crossbow,Zombie Leg,Zombie Leg
51,Zombie,僵尸,Dead Guard,亡者 守卫,是,Zombie Head with Magic Hat,Zombie Body with Cloak,Zombie Arm with Armor and Shield,Zombie Arm with Armor and Crossbow,Zombie Leg with Boot,Zombie Leg with Boot
52,Zombie,僵尸,Dead Inquisitor,亡者 审判官,是,Zombie Head with Helmet,Zombie Body with Armor,Zombie Arm with Magic Wand,Zombie Arm with Armor and Crossbow,Zombie Leg with Boot,Zombie Leg with Boot
53,Zombie,僵尸,Dead Mage Bodyguard,亡者 法师护卫,是,Zombie Head,Zombie Body,Zombie Arm with Magic Wand,Zombie Arm with Shield,Zombie Leg,Zombie Leg
54,Zombie,僵尸,Dead Mage Support,亡者 辅助法师,是,Zombie Head with Magic Hat,Zombie Body with Cloak,Zombie Arm with Magic Wand,Zombie Arm with Shield,Zombie Leg,Zombie Leg
55,Zombie,僵尸,Dead Mage-renegade,亡者 叛逆法师,是,Zombie Head with Helmet,Zombie Body with Armor,Zombie Arm with Magic Wand,Zombie Arm with Magic Wand,Zombie Leg with Boot,Zombie Leg with Boot
56,Zombie,僵尸,Dead Monk,亡者 武僧,是,Zombie Head with Magic Hat,Zombie Body with Cloak,Zombie Arm with Axe / Zombie Arm with Sword,Zombie Arm with Axe / Zombie Arm with Sword,Zombie Leg,Zombie Leg
57,Zombie,僵尸,Dead Monster Hunter,亡者 怪物猎人,是,Zombie Head with Magic Hat,Zombie Body with Cloak,Zombie Arm with Axe / Zombie Arm with Sword,Zombie Arm with Crossbow,Zombie Leg,Zombie Leg
58,Zombie,僵尸,Dead Paladin,亡者 圣骑士,是,Zombie Head with Helmet,Zombie Body with Armor,Zombie Arm with Magic Wand,Zombie Arm with Armor and Axe / Zombie Arm with Armor and Sword,Zombie Leg with Boot,Zombie Leg with Boot
59,Zombie,僵尸,Dead Priest,亡者 祭司,是,Zombie Head,Zombie Body,Zombie Arm with Magic Wand,Zombie Arm with Axe / Zombie Arm with Sword,Zombie Leg,Zombie Leg
60,Zombie,僵尸,Dead Scout,亡者 斥候,是,Zombie Head with Magic Hat,Zombie Body with Cloak,Zombie Arm with Armor and Crossbow,Zombie Arm with Armor and Crossbow,Zombie Leg with Boot,Zombie Leg with Boot
61,Zombie,僵尸,Dead Sorcerer,亡者 术士,是,Zombie Head with Magic Hat,Zombie Body with Cloak,Zombie Arm with Magic Wand,Zombie Arm with Axe / Zombie Arm with Sword,Zombie Leg,Zombie Leg
62,Zombie,僵尸,Dead Spy,亡者 间谍,是,Zombie Head with Magic Hat,Zombie Body with Cloak,Zombie Arm with Crossbow,Zombie Arm with Crossbow,Zombie Leg,Zombie Leg
63,Zombie,僵尸,Dead Wanderer,亡者 流浪者,是,Zombie Head with Magic Hat,Zombie Body with Cloak,Zombie Arm with Axe / Zombie Arm with Sword,Zombie Arm with Shield,Zombie Leg,Zombie Leg
64,Zombie,僵尸,Dead Witcher,亡者 猎魔人,是,Zombie Head with Magic Hat,Zombie Body with Cloak,Zombie Arm with Armor and Axe / Zombie Arm with Armor and Sword,Zombie Arm with Armor and Crossbow,Zombie Leg with Boot,Zombie Leg with Boot
65,Zombie,僵尸,Dead Witchhunter,亡者 女巫猎人,是,Zombie Head with Magic Hat,Zombie Body with Cloak,Zombie Arm with Magic Wand,Zombie Arm with Crossbow,Zombie Leg,Zombie Leg
66,Zombie,僵尸,Banished Dead Mage,被放逐的亡者法师,是,Zombie Head,Zombie Body,Zombie Arm with Magic Wand,Zombie Arm with Magic Wand,Zombie Leg,Zombie Leg
67,Zombie,僵尸,Dead Air Mage,亡者风系法师,是,Zombie Head,Zombie Body,Zombie Arm with Magic Wand,Zombie Arm with a Book of Lightning,Zombie Leg,Zombie Leg
68,Zombie,僵尸,Dead Assassin,亡者 刺客,是,Zombie Head with Helmet,Zombie Body with Armor,Zombie Arm with Armor and Axe / Zombie Arm with Armor and Sword,Zombie Arm with Armor and Crossbow,Zombie Leg with Boot,Zombie Leg with Boot
69,Zombie,僵尸,Dead Bandit,亡者 强盗,是,Zombie Head with Helmet,Zombie Body with Armor,Zombie Arm with Armor and Sword,Zombie Arm with Armor and Sword,Zombie Leg with Boot,Zombie Leg with Boot
70,Zombie,僵尸,Dead Berserker,亡者 狂战士,是,Zombie Head with Helmet,Zombie Body with Armor,Zombie Arm with Armor and Axe,Zombie Arm with Armor and Axe,Zombie Leg with Boot,Zombie Leg with Boot
71,Zombie,僵尸,Dead Bounty Hunter,亡者 赏金猎人,是,Zombie Head,Zombie Body,Zombie Arm with Axe / Zombie Arm with Sword,Zombie Arm with Crossbow,Zombie Leg,Zombie Leg
72,Zombie,僵尸,Dead Guardian,亡者 守卫,是,Zombie Head with Helmet,Zombie Body with Armor,Zombie Arm with Armor and Shield,Zombie Arm with Armor and Crossbow,Zombie Leg with Boot,Zombie Leg with Boot
73,Zombie,僵尸,Dead Lightning Battlemage,亡者 雷电战斗法师,是,Zombie Head with Helmet,Zombie Body with Armor,Zombie Arm with Magic Wand,Zombie Arm with a Book of Lightning,Zombie Leg with Boot,Zombie Leg with Boot
74,Zombie,僵尸,Dead Lightning Mage,亡者 雷电法师,是,Zombie Head with Magic Hat,Zombie Body with Cloak,Zombie Arm with Magic Wand,Zombie Arm with a Book of Lightning,Zombie Leg,Zombie Leg
75,Zombie,僵尸,Dead Necromancer,亡者 死灵法师,是,Zombie Head with Magic Hat,Zombie Body with Cloak,Zombie Arm with the Book of Poison,Zombie Arm with the Book of Poison,Zombie Leg,Zombie Leg
76,Zombie,僵尸,Dead Plague Caster,亡者 瘟疫施法者,是,Zombie Head with Magic Hat,Zombie Body with Cloak,Zombie Arm with a Book of Lightning,Zombie Arm with the Book of Poison,Zombie Leg,Zombie Leg
77,Zombie,僵尸,Dead Poison Battlemage,亡者 剧毒战斗法师,是,Zombie Head with Helmet,Zombie Body with Armor,Zombie Arm with Magic Wand,Zombie Arm with the Book of Poison,Zombie Leg with Boot,Zombie Leg with Boot
78,Zombie,僵尸,Dead Poison Mage,亡者 剧毒法师,是,Zombie Head,Zombie Body,Zombie Arm with Magic Wand,Zombie Arm with the Book of Poison,Zombie Leg,Zombie Leg
79,Zombie,僵尸,Dead Poison Mage,亡者 剧毒法师,是,Zombie Head with Magic Hat,Zombie Body with Cloak,Zombie Arm with Magic Wand,Zombie Arm with the Book of Poison,Zombie Leg,Zombie Leg
80,Zombie,僵尸,Dead Ranger,亡者 游侠,是,Zombie Head with Helmet,Zombie Body with Armor,Zombie Arm with Armor and Crossbow,Zombie Arm with Armor and Crossbow,Zombie Leg with Boot,Zombie Leg with Boot
81,Zombie,僵尸,Dead Ripper,亡者 撕裂者,是,Zombie Head with Helmet,Zombie Body with Armor,Zombie Arm with Armor and Sword,Zombie Arm with Armor and Axe,Zombie Leg with Boot,Zombie Leg with Boot
82,Zombie,僵尸,Dead Rogue,亡者 盗贼,是,Zombie Head,Zombie Body,Zombie Arm with Sword,Zombie Arm with Sword,Zombie Leg,Zombie Leg
83,Zombie,僵尸,Dead Soldier,亡者 士兵,是,Zombie Head with Helmet,Zombie Body with Armor,Zombie Arm with Armor and Axe / Zombie Arm with Armor and Sword,Zombie Arm with Armor and Shield,Zombie Leg with Boot,Zombie Leg with Boot
84,Zombie,僵尸,Dead Sorcerer,亡者 术士,是,Zombie Head with Magic Hat,Zombie Body with Cloak,Zombie Arm with Magic Wand,Zombie Arm with Magic Wand,Zombie Leg,Zombie Leg
85,Zombie,僵尸,Dead Stormtrooper,亡者 突击兵,是,Zombie Head,Zombie Body,Zombie Arm with Shield,Zombie Arm with Crossbow,Zombie Leg,Zombie Leg
86,Zombie,僵尸,Dead Theurgist,亡者 神术师,是,Zombie Head with Magic Hat,Zombie Body with Cloak,Zombie Arm with a Book of Lightning,Zombie Arm with a Book of Lightning,Zombie Leg,Zombie Leg
87,Zombie,僵尸,Dead Warrior,亡者 战士,是,Zombie Head,Zombie Body,Zombie Arm with Axe / Zombie Arm with Sword,Zombie Arm with Shield,Zombie Leg,Zombie Leg
88,Zombie,僵尸,Deadshot,亡者神射手,是,Zombie Head,Zombie Body,Zombie Arm with Crossbow,Zombie Arm with Crossbow,Zombie Leg,Zombie Leg
89,Zombie,僵尸,Revived Butcher,复生屠夫,是,Zombie Head,Zombie Body,Zombie Arm with Axe,Zombie Arm with Axe,Zombie Leg,Zombie Leg
90,Zombie,僵尸,Revived Torturer,复生拷问者,是,Zombie Head,Zombie Body,Zombie Arm with Sword,Zombie Arm with Axe,Zombie Leg,Zombie Leg
91,Zombie/Skeleton,僵尸 / 骷髅,Dead Burner Mage,亡者 焚烧法师,是,Zombie Head with Magic Hat,Zombie Body with Cloak,Zombie Arm with the Book of Poison,Skeleton Arm with the Book of Fire,Zombie Leg,Zombie Leg
92,Zombie/Skeleton,僵尸 / 骷髅,Dead Doom Mage,亡者 厄运法师,是,Zombie Head with Magic Hat,Zombie Body with Cloak,Zombie Arm with the Book of Poison,Skeleton Arm with a Book of Ice,Zombie Leg,Zombie Leg
93,Zombie/Skeleton,僵尸 / 骷髅,Dead Incinerator Mage,亡者 焚化法师,是,Zombie Head with Magic Hat,Zombie Body with Cloak,Zombie Arm with a Book of Lightning,Skeleton Arm with the Book of Fire,Zombie Leg,Zombie Leg
94,Zombie/Skeleton,僵尸 / 骷髅,Dead Mauler Mage,亡者 重击法师,是,Zombie Head with Magic Hat,Zombie Body with Cloak,Zombie Arm with a Book of Lightning,Skeleton Arm with a Book of Ice,Zombie Leg,Zombie Leg
95,Zombie/Skeleton,僵尸 / 骷髅,Half-rotten Dead,半腐烂 亡者,是,Skeleton Head / Skeleton Head with Helmet / Skeleton Head with Magic Hat,Zombie Body / Zombie Body with Armor / Zombie Body with Cloak,Zombie Arm with Armor and Axe / Zombie Arm with Armor and Crossbow / Zombie Arm with Armor and Shield / Zombie Arm with Armor and Sword / Zombie Arm with Axe / Zombie Arm with a Book of Lightning / Zombie Arm with the Book of Poison / Zombie Arm with Crossbow / Zombie Arm with Shield / Zombie Arm with Sword / Zombie Arm with Magic Wand,Skeleton Arm with Armor and Axe / Skeleton Arm with Armor and Crossbow / Skeleton Arm with Armor and Shield / Skeleton Arm with Armor and Sword / Skeleton Arm with Axe / Skeleton Arm with the Book of Fire / Skeleton Arm with a Book of Ice / Skeleton Arm with Crossbow / Skeleton Arm with Shield / Skeleton Arm with Sword / Skeleton Arm with Magic Wand,Zombie Leg / Zombie Leg with Boot,Skeleton Leg / Skeleton Leg with Boot
96,Zombie/Skeleton,僵尸 / 骷髅,Skeleton Ash Mage,骷髅 灰烬法师,是,Skeleton Head with Magic Hat,Skeleton Body with Cloak,Zombie Arm with a Book of Lightning,Skeleton Arm with the Book of Fire,Skeleton Leg,Skeleton Leg
97,Zombie/Skeleton,僵尸 / 骷髅,Skeleton Burner Mage,骷髅 焚烧法师,是,Skeleton Head with Magic Hat,Skeleton Body with Cloak,Zombie Arm with the Book of Poison,Skeleton Arm with the Book of Fire,Skeleton Leg,Skeleton Leg
98,Zombie/Skeleton,僵尸 / 骷髅,Skeleton Doom Mage,骷髅 厄运法师,是,Skeleton Head with Magic Hat,Skeleton Body with Cloak,Zombie Arm with the Book of Poison,Skeleton Arm with a Book of Ice,Skeleton Leg,Skeleton Leg
99,Zombie/Skeleton,僵尸 / 骷髅,Skeleton Mauler Mage,骷髅 重击法师,是,Skeleton Head with Magic Hat,Skeleton Body with Cloak,Zombie Arm with a Book of Lightning,Skeleton Arm with a Book of Ice,Skeleton Leg,Skeleton Leg
100,Orc Skeleton,兽人骷髅,Orc Skeleton Barbarian,兽人 骷髅 野蛮人,是,Orc Skeleton Head with Boar Mask,Orc Skeleton Body in Wolf Skin,Orc Skeleton Arm with Mace / Orc Skeleton Arm with Sword,Orc Skeleton Arm with Shield,Orc Skeleton Leg,Orc Skeleton Leg
101,Orc Skeleton,兽人骷髅,Orc Skeleton Beater,兽人 骷髅 打手,是,Orc Skeleton Head with Boar Mask,Orc Skeleton Body in Wolf Skin,Orc Skeleton Arm with Axe,Orc Skeleton Arm with Axe,Orc Skeleton Leg,Orc Skeleton Leg
102,Orc Skeleton,兽人骷髅,Orc Skeleton Berserker,兽人 骷髅 狂战士,是,Orc Skeleton Head with Boar Mask,Orc Skeleton Body in Wolf Skin,Orc Skeleton Arm with Mace / Orc Skeleton Arm with Sword,Orc Skeleton Arm with Mace / Orc Skeleton Arm with Sword,Orc Skeleton Leg,Orc Skeleton Leg
103,Orc Skeleton,兽人骷髅,Orc Skeleton Bully,兽人 骷髅 恶霸,是,Orc Skeleton Head with Boar Mask,Orc Skeleton Body in Wolf Skin,Orc Skeleton Arm with Axe,Orc Skeleton Arm with Shield,Orc Skeleton Leg,Orc Skeleton Leg
104,Orc Skeleton,兽人骷髅,Orc Skeleton Chieftain,兽人 骷髅 酋长,是,Orc Skeleton Head with Boar Mask,Orc Skeleton Body in Wolf Skin,Orc Skeleton Arm with Armor and Mace / Orc Skeleton Arm with Armor and Sword,Orc Skeleton Arm with Armor and Shield,Orc Skeleton Leg with Boot,Orc Skeleton Leg with Boot
105,Orc Skeleton,兽人骷髅,Orc Skeleton Guardsman,兽人 骷髅 卫兵,是,Orc Skeleton Head with Boar Mask,Orc Skeleton Body in Wolf Skin,Orc Skeleton Arm with Armor and Axe,Orc Skeleton Arm with Armor and Axe,Orc Skeleton Leg with Boot,Orc Skeleton Leg with Boot
106,Orc Skeleton,兽人骷髅,Orc Skeleton Mercenary,兽人 骷髅 雇佣兵,是,Orc Skeleton Head with Boar Mask,Orc Skeleton Body in Wolf Skin,Orc Skeleton Arm with Armor and Axe,Orc Skeleton Arm with Armor and Shield,Orc Skeleton Leg with Boot,Orc Skeleton Leg with Boot
107,Orc Skeleton,兽人骷髅,Orc Skeleton Punisher,兽人 骷髅 惩罚者,是,Orc Skeleton Head with Boar Mask,Orc Skeleton Body in Wolf Skin,Orc Skeleton Arm with Armor and Axe,Orc Skeleton Arm with Armor and Mace / Orc Skeleton Arm with Armor and Sword,Orc Skeleton Leg with Boot,Orc Skeleton Leg with Boot
108,Orc Skeleton,兽人骷髅,Orc Skeleton Ranger,兽人 骷髅 游侠,是,Orc Skeleton Head with Boar Mask,Orc Skeleton Body in Wolf Skin,Orc Skeleton Arm with Axe,Orc Skeleton Arm with Mace / Orc Skeleton Arm with Sword,Orc Skeleton Leg,Orc Skeleton Leg
109,Orc Skeleton,兽人骷髅,Possessed Orc Skeleton,被附身的兽人骷髅,是,Orc Skeleton Head with Boar Mask,Orc Skeleton Body in Wolf Skin,Orc Skeleton Arm with Armor and Mace / Orc Skeleton Arm with Armor and Sword,Orc Skeleton Arm with Armor and Mace / Orc Skeleton Arm with Armor and Sword,Orc Skeleton Leg with Boot,Orc Skeleton Leg with Boot
110,Orc Skeleton,兽人骷髅,Orc Skeleton Axethrower,兽人 骷髅 飞斧手,是,Orc Skeleton Head,Orc Skeleton Body,Orc Skeleton Arm with Axe,Orc Skeleton Arm with Axe,Orc Skeleton Leg,Orc Skeleton Leg
111,Orc Skeleton,兽人骷髅,Orc Skeleton Butcher,兽人 骷髅 屠夫,是,Orc Skeleton Head,Orc Skeleton Body,Orc Skeleton Arm with Sword,Orc Skeleton Arm with Sword,Orc Skeleton Leg,Orc Skeleton Leg
112,Orc Skeleton,兽人骷髅,Orc Skeleton Chief,兽人 骷髅 首领,是,Orc Skeleton Head with Helmet,Orc Skeleton Body with Armor,Orc Skeleton Arm with Armor and Mace / Orc Skeleton Arm with Armor and Sword,Orc Skeleton Arm with Armor and Shield,Orc Skeleton Leg with Boot,Orc Skeleton Leg with Boot
113,Orc Skeleton,兽人骷髅,Orc Skeleton Cutthroat,兽人 骷髅 割喉者,是,Orc Skeleton Head,Orc Skeleton Body,Orc Skeleton Arm with Axe,Orc Skeleton Arm with Mace / Orc Skeleton Arm with Sword,Orc Skeleton Leg,Orc Skeleton Leg
114,Orc Skeleton,兽人骷髅,Orc Skeleton Demolisher,兽人 骷髅 爆破者,是,Orc Skeleton Head with Helmet,Orc Skeleton Body with Armor,Orc Skeleton Arm with Armor and Mace,Orc Skeleton Arm with Armor and Mace,Orc Skeleton Leg with Boot,Orc Skeleton Leg with Boot
115,Orc Skeleton,兽人骷髅,Orc Skeleton Goon,兽人 骷髅 打手,是,Orc Skeleton Head,Orc Skeleton Body,Orc Skeleton Arm with Mace,Orc Skeleton Arm with Mace,Orc Skeleton Leg,Orc Skeleton Leg
116,Orc Skeleton,兽人骷髅,Orc Skeleton Oppressor,兽人 骷髅 压迫者,是,Orc Skeleton Head with Helmet,Orc Skeleton Body with Armor,Orc Skeleton Arm with Armor and Axe,Orc Skeleton Arm with Armor and Mace / Orc Skeleton Arm with Armor and Sword,Orc Skeleton Leg with Boot,Orc Skeleton Leg with Boot
117,Orc Skeleton,兽人骷髅,Orc Skeleton Priest,兽人 骷髅 祭司,是,Orc Skeleton Head with Helmet,Orc Skeleton Body with Armor,Orc Skeleton Arm with Staff,Orc Skeleton Arm with Skull,Orc Skeleton Leg with Boot,Orc Skeleton Leg with Boot
118,Orc Skeleton,兽人骷髅,Orc Skeleton Raider,兽人 骷髅 掠夺者,是,Orc Skeleton Head with Helmet,Orc Skeleton Body with Armor,Orc Skeleton Arm with Armor and Axe,Orc Skeleton Arm with Armor and Shield,Orc Skeleton Leg with Boot,Orc Skeleton Leg with Boot
119,Orc Skeleton,兽人骷髅,Orc Skeleton Ripper,兽人 骷髅 撕裂者,是,Orc Skeleton Head with Helmet,Orc Skeleton Body with Armor,Orc Skeleton Arm with Armor and Sword,Orc Skeleton Arm with Armor and Sword,Orc Skeleton Leg with Boot,Orc Skeleton Leg with Boot
120,Orc Skeleton,兽人骷髅,Orc Skeleton Robber,兽人 骷髅 劫匪,是,Orc Skeleton Head with Helmet,Orc Skeleton Body with Armor,Orc Skeleton Arm with Armor and Axe,Orc Skeleton Arm with Armor and Axe,Orc Skeleton Leg with Boot,Orc Skeleton Leg with Boot
121,Orc Skeleton,兽人骷髅,Orc Skeleton Ruffian,兽人 骷髅 恶棍,是,Orc Skeleton Head,Orc Skeleton Body,Orc Skeleton Arm with Axe,Orc Skeleton Arm with Shield,Orc Skeleton Leg,Orc Skeleton Leg
122,Orc Skeleton,兽人骷髅,Orc Skeleton Savage,兽人 骷髅 蛮兵,是,Orc Skeleton Head,Orc Skeleton Body,Orc Skeleton Arm with Sword,Orc Skeleton Arm with Mace,Orc Skeleton Leg,Orc Skeleton Leg
123,Orc Skeleton,兽人骷髅,Orc Skeleton Shaman,兽人 骷髅 萨满,是,Orc Skeleton Head with Boar Mask,Orc Skeleton Body in Wolf Skin,Orc Skeleton Arm with Staff,Orc Skeleton Arm with Skull,Orc Skeleton Leg,Orc Skeleton Leg
124,Orc Skeleton,兽人骷髅,Orc Skeleton Torturer,兽人 骷髅 拷问者,是,Orc Skeleton Head with Helmet,Orc Skeleton Body with Armor,Orc Skeleton Arm with Armor and Sword,Orc Skeleton Arm with Armor and Mace,Orc Skeleton Leg with Boot,Orc Skeleton Leg with Boot
125,Orc Skeleton,兽人骷髅,Orc Skeleton Warrior,兽人 骷髅 战士,是,Orc Skeleton Head,Orc Skeleton Body,Orc Skeleton Arm with Mace / Orc Skeleton Arm with Sword,Orc Skeleton Arm with Shield,Orc Skeleton Leg,Orc Skeleton Leg
126,Orc Skeleton/Skeleton,兽人骷髅 / 骷髅,Bastard Orc Skeleton,杂血兽人骷髅,是,Skeleton Head / Skeleton Head with Helmet / Skeleton Head with Magic Hat,Orc Skeleton Body / Orc Skeleton Body with Armor / Orc Skeleton Body in Wolf Skin,Skeleton Arm with Armor and Axe / Skeleton Arm with Armor and Crossbow / Skeleton Arm with Armor and Shield / Skeleton Arm with Armor and Sword / Skeleton Arm with Axe / Skeleton Arm with the Book of Fire / Skeleton Arm with a Book of Ice / Skeleton Arm with Crossbow / Skeleton Arm with Shield / Skeleton Arm with Sword / Skeleton Arm with Magic Wand,Skeleton Arm with Armor and Axe / Skeleton Arm with Armor and Crossbow / Skeleton Arm with Armor and Shield / Skeleton Arm with Armor and Sword / Skeleton Arm with Axe / Skeleton Arm with the Book of Fire / Skeleton Arm with a Book of Ice / Skeleton Arm with Crossbow / Skeleton Arm with Shield / Skeleton Arm with Sword / Skeleton Arm with Magic Wand,Skeleton Leg / Skeleton Leg with Boot,Skeleton Leg / Skeleton Leg with Boot
127,Orc Skeleton/Skeleton,兽人骷髅 / 骷髅,Orc Skeleton Freak,兽人 骷髅 畸变体,是,Orc Skeleton Head / Orc Skeleton Head with Helmet / Orc Skeleton Head with Boar Mask,Orc Skeleton Body / Orc Skeleton Body with Armor / Orc Skeleton Body in Wolf Skin,Skeleton Arm with Armor and Axe / Skeleton Arm with Armor and Crossbow / Skeleton Arm with Armor and Shield / Skeleton Arm with Armor and Sword / Skeleton Arm with Axe / Skeleton Arm with the Book of Fire / Skeleton Arm with a Book of Ice / Skeleton Arm with Crossbow / Skeleton Arm with Shield / Skeleton Arm with Sword / Skeleton Arm with Magic Wand,Skeleton Arm with Armor and Axe / Skeleton Arm with Armor and Crossbow / Skeleton Arm with Armor and Shield / Skeleton Arm with Armor and Sword / Skeleton Arm with Axe / Skeleton Arm with the Book of Fire / Skeleton Arm with a Book of Ice / Skeleton Arm with Crossbow / Skeleton Arm with Shield / Skeleton Arm with Sword / Skeleton Arm with Magic Wand,Orc Skeleton Leg / Orc Skeleton Leg with Boot,Orc Skeleton Leg / Orc Skeleton Leg with Boot
128,Orc Skeleton/Skeleton,兽人骷髅 / 骷髅,Short Orc Skeleton,矮小兽人骷髅,是,Orc Skeleton Head / Orc Skeleton Head with Helmet / Orc Skeleton Head with Boar Mask,Orc Skeleton Body / Orc Skeleton Body with Armor / Orc Skeleton Body in Wolf Skin,Orc Skeleton Arm with Armor and Axe / Orc Skeleton Arm with Armor and Mace / Orc Skeleton Arm with Armor and Shield / Orc Skeleton Arm with Armor and Sword / Orc Skeleton Arm with Axe / Orc Skeleton Arm with Mace / Orc Skeleton Arm with Shield / Orc Skeleton Arm with Skull / Orc Skeleton Arm with Staff / Orc Skeleton Arm with Sword,Orc Skeleton Arm with Armor and Axe / Orc Skeleton Arm with Armor and Mace / Orc Skeleton Arm with Armor and Shield / Orc Skeleton Arm with Armor and Sword / Orc Skeleton Arm with Axe / Orc Skeleton Arm with Mace / Orc Skeleton Arm with Shield / Orc Skeleton Arm with Skull / Orc Skeleton Arm with Staff / Orc Skeleton Arm with Sword,Skeleton Leg / Skeleton Leg with Boot,Skeleton Leg / Skeleton Leg with Boot
129,Orc Skeleton/Skeleton,兽人骷髅 / 骷髅,Skeleton Half-breed,骷髅 混血种,是,Skeleton Head / Skeleton Head with Helmet / Skeleton Head with Magic Hat,Orc Skeleton Body / Orc Skeleton Body with Armor / Orc Skeleton Body in Wolf Skin,Skeleton Arm with Armor and Axe / Skeleton Arm with Armor and Crossbow / Skeleton Arm with Armor and Shield / Skeleton Arm with Armor and Sword / Skeleton Arm with Axe / Skeleton Arm with the Book of Fire / Skeleton Arm with a Book of Ice / Skeleton Arm with Crossbow / Skeleton Arm with Shield / Skeleton Arm with Sword / Skeleton Arm with Magic Wand,Orc Skeleton Arm with Armor and Axe / Orc Skeleton Arm with Armor and Mace / Orc Skeleton Arm with Armor and Shield / Orc Skeleton Arm with Armor and Sword / Orc Skeleton Arm with Axe / Orc Skeleton Arm with Mace / Orc Skeleton Arm with Shield / Orc Skeleton Arm with Skull / Orc Skeleton Arm with Staff / Orc Skeleton Arm with Sword,Skeleton Leg / Skeleton Leg with Boot,Orc Skeleton Leg / Orc Skeleton Leg with Boot
130,Mantis,螳螂人,Mantis Queen,螳螂女王,是,Mantis Head,Female Mantis Body,Mantis Arm,Mantis Arm,Mantis Leg,Mantis Leg
131,Mantis,螳螂人,Mantis,螳螂人,是,Mantis Head,Mantis Body,Mantis Arm,Mantis Arm,Mantis Leg,Mantis Leg
132,Mantis/Zombie,螳螂人 / 僵尸,Infected Zombie,感染体 僵尸,是,Mantis Head,Zombie Body / Zombie Body with Armor / Zombie Body with Cloak,Mantis Arm,Mantis Arm,Zombie Leg / Zombie Leg with Boot,Zombie Leg / Zombie Leg with Boot
133,Mantis/Zombie,螳螂人 / 僵尸,Zombie Arachnid,僵尸 蛛形体,是,Zombie Head / Zombie Head with Helmet / Zombie Head with Magic Hat,Zombie Body / Zombie Body with Armor / Zombie Body with Cloak,Zombie Arm with Armor and Axe / Zombie Arm with Armor and Crossbow / Zombie Arm with Armor and Shield / Zombie Arm with Armor and Sword / Zombie Arm with Axe / Zombie Arm with a Book of Lightning / Zombie Arm with the Book of Poison / Zombie Arm with Crossbow / Zombie Arm with Shield / Zombie Arm with Sword / Zombie Arm with Magic Wand,Zombie Arm with Armor and Axe / Zombie Arm with Armor and Crossbow / Zombie Arm with Armor and Shield / Zombie Arm with Armor and Sword / Zombie Arm with Axe / Zombie Arm with a Book of Lightning / Zombie Arm with the Book of Poison / Zombie Arm with Crossbow / Zombie Arm with Shield / Zombie Arm with Sword / Zombie Arm with Magic Wand,Mantis Leg,Mantis Leg
134,Mantis/Zombie,螳螂人 / 僵尸,Insectoid,昆虫体,是,Zombie Head / Zombie Head with Helmet / Zombie Head with Magic Hat,Zombie Body / Zombie Body with Armor / Zombie Body with Cloak,Mantis Arm,Mantis Arm,Mantis Leg,Mantis Leg
135,Orc,兽人,Orc Barbarian,兽人 野蛮人,是,Orc Head with Boar Mask,Orc Body in Wolf Skin,Orc Arm with Mace / Orc Arm with Sword,Orc Arm with Shield,Orc Leg,Orc Leg
136,Orc,兽人,Orc Beater,兽人 打手,是,Orc Head with Boar Mask,Orc Body in Wolf Skin,Orc Arm with Axe,Orc Arm with Axe,Orc Leg,Orc Leg
137,Orc,兽人,Orc Berserker,兽人 狂战士,是,Orc Head with Boar Mask,Orc Body in Wolf Skin,Orc Arm with Mace / Orc Arm with Sword,Orc Arm with Mace / Orc Arm with Sword,Orc Leg,Orc Leg
138,Orc,兽人,Orc Bully,兽人 恶霸,是,Orc Head with Boar Mask,Orc Body in Wolf Skin,Orc Arm with Axe,Orc Arm with Shield,Orc Leg,Orc Leg
139,Orc,兽人,Orc Chieftain,兽人 酋长,是,Orc Head with Boar Mask,Orc Body in Wolf Skin,Orc Arm with Armor and Mace / Orc Arm with Armor and Sword,Orc Arm with Armor and Shield,Orc Leg with Boot,Orc Leg with Boot
140,Orc,兽人,Orc Guardsman,兽人 卫兵,是,Orc Head with Boar Mask,Orc Body in Wolf Skin,Orc Arm with Armor and Axe,Orc Arm with Armor and Axe,Orc Leg with Boot,Orc Leg with Boot
141,Orc,兽人,Orc Mercenary,兽人 雇佣兵,是,Orc Head with Boar Mask,Orc Body in Wolf Skin,Orc Arm with Armor and Axe,Orc Arm with Armor and Shield,Orc Leg with Boot,Orc Leg with Boot
142,Orc,兽人,Orc Priest,兽人 祭司,是,Orc Head with Helmet,Orc Body with Armor,Orc Arm with Staff,Orc Arm with Skull,Orc Leg with Boot,Orc Leg with Boot
143,Orc,兽人,Orc Punisher,兽人 惩罚者,是,Orc Head with Boar Mask,Orc Body in Wolf Skin,Orc Arm with Armor and Axe,Orc Arm with Armor and Mace / Orc Arm with Armor and Sword,Orc Leg with Boot,Orc Leg with Boot
144,Orc,兽人,Orc Ranger,兽人 游侠,是,Orc Head with Boar Mask,Orc Body in Wolf Skin,Orc Arm with Axe,Orc Arm with Mace / Orc Arm with Sword,Orc Leg,Orc Leg
145,Orc,兽人,Orc Shaman,兽人 萨满,是,Orc Head with Boar Mask,Orc Body in Wolf Skin,Orc Arm with Staff,Orc Arm with Skull,Orc Leg,Orc Leg
146,Orc,兽人,Possessed Orc,被附身的兽人,是,Orc Head with Boar Mask,Orc Body in Wolf Skin,Orc Arm with Armor and Mace / Orc Arm with Armor and Sword,Orc Arm with Armor and Mace / Orc Arm with Armor and Sword,Orc Leg with Boot,Orc Leg with Boot
147,Orc,兽人,Orc Axethrower,兽人 飞斧手,是,Orc Head,Orc Body,Orc Arm with Axe,Orc Arm with Axe,Orc Leg,Orc Leg
148,Orc,兽人,Orc Butcher,兽人 屠夫,是,Orc Head,Orc Body,Orc Arm with Sword,Orc Arm with Sword,Orc Leg,Orc Leg
149,Orc,兽人,Orc Chief,兽人 首领,是,Orc Head with Helmet,Orc Body with Armor,Orc Arm with Armor and Mace / Orc Arm with Armor and Sword,Orc Arm with Armor and Shield,Orc Leg with Boot,Orc Leg with Boot
150,Orc,兽人,Orc Cutthroat,兽人 割喉者,是,Orc Head,Orc Body,Orc Arm with Axe,Orc Arm with Mace / Orc Arm with Sword,Orc Leg,Orc Leg
151,Orc,兽人,Orc Demolisher,兽人 爆破者,是,Orc Head with Helmet,Orc Body with Armor,Orc Arm with Armor and Mace,Orc Arm with Armor and Mace,Orc Leg with Boot,Orc Leg with Boot
152,Orc,兽人,Orc Goon,兽人 打手,是,Orc Head,Orc Body,Orc Arm with Mace,Orc Arm with Mace,Orc Leg,Orc Leg
153,Orc,兽人,Orc Oppressor,兽人 压迫者,是,Orc Head with Helmet,Orc Body with Armor,Orc Arm with Armor and Axe,Orc Arm with Armor and Mace / Orc Arm with Armor and Sword,Orc Leg with Boot,Orc Leg with Boot
154,Orc,兽人,Orc Raider,兽人 掠夺者,是,Orc Head with Helmet,Orc Body with Armor,Orc Arm with Armor and Axe,Orc Arm with Armor and Shield,Orc Leg with Boot,Orc Leg with Boot
155,Orc,兽人,Orc Ripper,兽人 撕裂者,是,Orc Head with Helmet,Orc Body with Armor,Orc Arm with Armor and Sword,Orc Arm with Armor and Sword,Orc Leg with Boot,Orc Leg with Boot
156,Orc,兽人,Orc Robber,兽人 劫匪,是,Orc Head with Helmet,Orc Body with Armor,Orc Arm with Armor and Axe,Orc Arm with Armor and Axe,Orc Leg with Boot,Orc Leg with Boot
157,Orc,兽人,Orc Ruffian,兽人 恶棍,是,Orc Head,Orc Body,Orc Arm with Axe,Orc Arm with Shield,Orc Leg,Orc Leg
158,Orc,兽人,Orc Savage,兽人 蛮兵,是,Orc Head,Orc Body,Orc Arm with Sword,Orc Arm with Mace,Orc Leg,Orc Leg
159,Orc,兽人,Orc Torturer,兽人 拷问者,是,Orc Head with Helmet,Orc Body with Armor,Orc Arm with Armor and Sword,Orc Arm with Armor and Mace,Orc Leg with Boot,Orc Leg with Boot
160,Orc,兽人,Orc Warrior,兽人 战士,是,Orc Head,Orc Body,Orc Arm with Mace / Orc Arm with Sword,Orc Arm with Shield,Orc Leg,Orc Leg
161,Orc/Zombie,兽人 / 僵尸,Bastard Orc,杂血兽人,是,Zombie Head / Zombie Head with Helmet / Zombie Head with Magic Hat,Orc Body / Orc Body with Armor / Orc Body in Wolf Skin,Zombie Arm with Armor and Axe / Zombie Arm with Armor and Crossbow / Zombie Arm with Armor and Shield / Zombie Arm with Armor and Sword / Zombie Arm with Axe / Zombie Arm with a Book of Lightning / Zombie Arm with the Book of Poison / Zombie Arm with Crossbow / Zombie Arm with Shield / Zombie Arm with Sword / Zombie Arm with Magic Wand,Zombie Arm with Armor and Axe / Zombie Arm with Armor and Crossbow / Zombie Arm with Armor and Shield / Zombie Arm with Armor and Sword / Zombie Arm with Axe / Zombie Arm with a Book of Lightning / Zombie Arm with the Book of Poison / Zombie Arm with Crossbow / Zombie Arm with Shield / Zombie Arm with Sword / Zombie Arm with Magic Wand,Zombie Leg / Zombie Leg with Boot,Zombie Leg / Zombie Leg with Boot
162,Orc/Zombie,兽人 / 僵尸,Dead Thug,亡者 暴徒,是,Zombie Head / Zombie Head with Helmet / Zombie Head with Magic Hat,Zombie Body / Zombie Body with Armor / Zombie Body with Cloak,Orc Arm with Armor and Axe / Orc Arm with Armor and Mace / Orc Arm with Armor and Shield / Orc Arm with Armor and Sword / Orc Arm with Axe / Orc Arm with Mace / Orc Arm with Shield / Orc Arm with Skull / Orc Arm with Staff / Orc Arm with Sword,Orc Arm with Armor and Axe / Orc Arm with Armor and Mace / Orc Arm with Armor and Shield / Orc Arm with Armor and Sword / Orc Arm with Axe / Orc Arm with Mace / Orc Arm with Shield / Orc Arm with Skull / Orc Arm with Staff / Orc Arm with Sword,Zombie Leg / Zombie Leg with Boot,Zombie Leg / Zombie Leg with Boot
163,Orc/Zombie,兽人 / 僵尸,Halfblood,混血种,是,Zombie Head / Zombie Head with Helmet / Zombie Head with Magic Hat,Orc Body / Orc Body with Armor / Orc Body in Wolf Skin,Zombie Arm with Armor and Axe / Zombie Arm with Armor and Crossbow / Zombie Arm with Armor and Shield / Zombie Arm with Armor and Sword / Zombie Arm with Axe / Zombie Arm with a Book of Lightning / Zombie Arm with the Book of Poison / Zombie Arm with Crossbow / Zombie Arm with Shield / Zombie Arm with Sword / Zombie Arm with Magic Wand,Orc Arm with Armor and Axe / Orc Arm with Armor and Mace / Orc Arm with Armor and Shield / Orc Arm with Armor and Sword / Orc Arm with Axe / Orc Arm with Mace / Orc Arm with Shield / Orc Arm with Skull / Orc Arm with Staff / Orc Arm with Sword,Zombie Leg / Zombie Leg with Boot,Orc Leg / Orc Leg with Boot
164,Orc/Zombie,兽人 / 僵尸,Orc Freak,兽人 畸变体,是,Orc Head / Orc Head with Helmet / Orc Head with Boar Mask,Orc Body / Orc Body with Armor / Orc Body in Wolf Skin,Zombie Arm with Armor and Axe / Zombie Arm with Armor and Crossbow / Zombie Arm with Armor and Shield / Zombie Arm with Armor and Sword / Zombie Arm with Axe / Zombie Arm with a Book of Lightning / Zombie Arm with the Book of Poison / Zombie Arm with Crossbow / Zombie Arm with Shield / Zombie Arm with Sword / Zombie Arm with Magic Wand,Zombie Arm with Armor and Axe / Zombie Arm with Armor and Crossbow / Zombie Arm with Armor and Shield / Zombie Arm with Armor and Sword / Zombie Arm with Axe / Zombie Arm with a Book of Lightning / Zombie Arm with the Book of Poison / Zombie Arm with Crossbow / Zombie Arm with Shield / Zombie Arm with Sword / Zombie Arm with Magic Wand,Orc Leg / Orc Leg with Boot,Orc Leg / Orc Leg with Boot
165,Orc/Zombie,兽人 / 僵尸,Short Orc,矮小兽人,是,Orc Head / Orc Head with Helmet / Orc Head with Boar Mask,Orc Body / Orc Body with Armor / Orc Body in Wolf Skin,Orc Arm with Armor and Axe / Orc Arm with Armor and Mace / Orc Arm with Armor and Shield / Orc Arm with Armor and Sword / Orc Arm with Axe / Orc Arm with Mace / Orc Arm with Shield / Orc Arm with Skull / Orc Arm with Staff / Orc Arm with Sword,Orc Arm with Armor and Axe / Orc Arm with Armor and Mace / Orc Arm with Armor and Shield / Orc Arm with Armor and Sword / Orc Arm with Axe / Orc Arm with Mace / Orc Arm with Shield / Orc Arm with Skull / Orc Arm with Staff / Orc Arm with Sword,Zombie Leg / Zombie Leg with Boot,Zombie Leg / Zombie Leg with Boot
166,Orc/Zombie,兽人 / 僵尸,Zombie Bantling,僵尸 幼崽,是,Zombie Head / Zombie Head with Helmet / Zombie Head with Magic Hat,Zombie Body / Zombie Body with Armor / Zombie Body with Cloak,Orc Arm with Armor and Axe / Orc Arm with Armor and Mace / Orc Arm with Armor and Shield / Orc Arm with Armor and Sword / Orc Arm with Axe / Orc Arm with Mace / Orc Arm with Shield / Orc Arm with Skull / Orc Arm with Staff / Orc Arm with Sword,Orc Arm with Armor and Axe / Orc Arm with Armor and Mace / Orc Arm with Armor and Shield / Orc Arm with Armor and Sword / Orc Arm with Axe / Orc Arm with Mace / Orc Arm with Shield / Orc Arm with Skull / Orc Arm with Staff / Orc Arm with Sword,Zombie Leg / Zombie Leg with Boot,Zombie Leg / Zombie Leg with Boot
167,Orc/Zombie,兽人 / 僵尸,Zombie Mutant,僵尸 变异体,是,Zombie Head / Zombie Head with Helmet / Zombie Head with Magic Hat,Zombie Body / Zombie Body with Armor / Zombie Body with Cloak,Orc Arm with Armor and Axe / Orc Arm with Armor and Mace / Orc Arm with Armor and Shield / Orc Arm with Armor and Sword / Orc Arm with Axe / Orc Arm with Mace / Orc Arm with Shield / Orc Arm with Skull / Orc Arm with Staff / Orc Arm with Sword,Zombie Arm with Armor and Axe / Zombie Arm with Armor and Crossbow / Zombie Arm with Armor and Shield / Zombie Arm with Armor and Sword / Zombie Arm with Axe / Zombie Arm with a Book of Lightning / Zombie Arm with the Book of Poison / Zombie Arm with Crossbow / Zombie Arm with Shield / Zombie Arm with Sword / Zombie Arm with Magic Wand,Zombie Leg / Zombie Leg with Boot,Zombie Leg / Zombie Leg with Boot
168,Orc/Orc Skeleton,兽人 / 兽人骷髅,Half-rotten Orc,半腐烂 兽人,是,Orc Skeleton Head / Orc Skeleton Head with Helmet / Orc Skeleton Head with Boar Mask,Orc Body / Orc Body with Armor / Orc Body in Wolf Skin,Orc Arm with Armor and Axe / Orc Arm with Armor and Mace / Orc Arm with Armor and Shield / Orc Arm with Armor and Sword / Orc Arm with Axe / Orc Arm with Mace / Orc Arm with Shield / Orc Arm with Skull / Orc Arm with Staff / Orc Arm with Sword,Orc Skeleton Arm with Armor and Axe / Orc Skeleton Arm with Armor and Mace / Orc Skeleton Arm with Armor and Shield / Orc Skeleton Arm with Armor and Sword / Orc Skeleton Arm with Axe / Orc Skeleton Arm with Mace / Orc Skeleton Arm with Shield / Orc Skeleton Arm with Skull / Orc Skeleton Arm with Staff / Orc Skeleton Arm with Sword,Orc Leg / Orc Leg with Boot,Orc Skeleton Leg / Orc Skeleton Leg with Boot
169,Orc/Mantis,兽人 / 螳螂人,Infected Orc,感染体 兽人,是,Mantis Head,Orc Body / Orc Body with Armor / Orc Body in Wolf Skin,Mantis Arm,Mantis Arm,Orc Leg / Orc Leg with Boot,Orc Leg / Orc Leg with Boot
170,Orc/Mantis,兽人 / 螳螂人,Orc Arachnid,兽人 蛛形体,是,Orc Head / Orc Head with Helmet / Orc Head with Boar Mask,Orc Body / Orc Body with Armor / Orc Body in Wolf Skin,Orc Arm with Armor and Axe / Orc Arm with Armor and Mace / Orc Arm with Armor and Shield / Orc Arm with Armor and Sword / Orc Arm with Axe / Orc Arm with Mace / Orc Arm with Shield / Orc Arm with Skull / Orc Arm with Staff / Orc Arm with Sword,Orc Arm with Armor and Axe / Orc Arm with Armor and Mace / Orc Arm with Armor and Shield / Orc Arm with Armor and Sword / Orc Arm with Axe / Orc Arm with Mace / Orc Arm with Shield / Orc Arm with Skull / Orc Arm with Staff / Orc Arm with Sword,Mantis Leg,Mantis Leg
171,Orc/Mantis,兽人 / 螳螂人,Orc-Insectoid,兽人昆虫体,是,Orc Head / Orc Head with Helmet / Orc Head with Boar Mask,Orc Body / Orc Body with Armor / Orc Body in Wolf Skin,Mantis Arm,Mantis Arm,Mantis Leg,Mantis Leg
172,Cyclops,独眼巨人,Cyclops Slave,独眼巨人奴隶,是,Cyclops Head with Slave Mask,Cyclops Body,Cyclops Arm with Boulder / Cyclops Arm with Uprooted Tree,Cyclops Arm with Boulder / Cyclops Arm with Uprooted Tree,Cyclops Leg,Cyclops Leg
173,Cyclops,独眼巨人,Cyclops,独眼巨人,是,Cyclops Head,Cyclops Body,Cyclops Arm with Boulder,Cyclops Arm with Uprooted Tree,Cyclops Leg,Cyclops Leg
174,Cyclops,独眼巨人,Cyclops Thug,独眼巨人 暴徒,是,Cyclops Head,Cyclops Body,Cyclops Arm with Uprooted Tree,Cyclops Arm with Uprooted Tree,Cyclops Leg,Cyclops Leg
175,Cyclops,独眼巨人,Siege Cyclops,攻城独眼巨人,是,Cyclops Head,Cyclops Body,Cyclops Arm with Boulder,Cyclops Arm with Boulder,Cyclops Leg,Cyclops Leg
176,Cyclops/Mantis,独眼巨人 / 螳螂人,Cyclops Arachnid,独眼巨人 蛛形体,是,Cyclops Head / Cyclops Head with Slave Mask,Cyclops Body,Cyclops Arm with Boulder / Cyclops Arm with Uprooted Tree,Cyclops Arm with Boulder / Cyclops Arm with Uprooted Tree,Mantis Leg,Mantis Leg
177,Cyclops/Mantis,独眼巨人 / 螳螂人,Infectd Cyclops,感染的独眼巨人,是,Mantis Head,Cyclops Body,Mantis Arm,Mantis Arm,Cyclops Leg,Cyclops Leg
178,Cyclops/Orc,独眼巨人 / 兽人,One-eyed orc,独眼兽人,是,Cyclops Head / Cyclops Head with Slave Mask,Orc Body / Orc Body with Armor / Orc Body in Wolf Skin,Orc Arm with Armor and Axe / Orc Arm with Armor and Mace / Orc Arm with Armor and Shield / Orc Arm with Armor and Sword / Orc Arm with Axe / Orc Arm with Mace / Orc Arm with Shield / Orc Arm with Skull / Orc Arm with Staff / Orc Arm with Sword,Orc Arm with Armor and Axe / Orc Arm with Armor and Mace / Orc Arm with Armor and Shield / Orc Arm with Armor and Sword / Orc Arm with Axe / Orc Arm with Mace / Orc Arm with Shield / Orc Arm with Skull / Orc Arm with Staff / Orc Arm with Sword,Orc Leg / Orc Leg with Boot,Orc Leg / Orc Leg with Boot
179,Cyclops/Orc,独眼巨人 / 兽人,Troll,巨魔,是,Cyclops Head / Cyclops Head with Slave Mask,Orc Body / Orc Body with Armor / Orc Body in Wolf Skin,Cyclops Arm with Boulder / Cyclops Arm with Uprooted Tree,Cyclops Arm with Boulder / Cyclops Arm with Uprooted Tree,Orc Leg / Orc Leg with Boot,Orc Leg / Orc Leg with Boot
180,Lizard,蜥蜴人,Lizard Demolitionman,蜥蜴人 爆破手,是,Lizard Man Head with Helmet,Lizard Man Body with Armor,Lizard Man Arm with Armor and Bomb,Lizard Man Arm with Armor and Bomb,Lizard Man Leg with Boot,Lizard Man Leg with Boot
181,Lizard,蜥蜴人,Lizard Disc-Thrower,蜥蜴人 飞盘投手,是,Lizard Man Head with Helmet,Lizard Man Body with Armor,Lizard Man Arm with Armor and Disc,Lizard Man Arm with Armor and Disc,Lizard Man Leg with Boot,Lizard Man Leg with Boot
182,Lizard,蜥蜴人,Lizard Grenadier,蜥蜴人 掷弹兵,是,Lizard Man Head,Lizard Man Body,Lizard Man Arm with Bomb,Lizard Man Arm with Bomb,Lizard Man Leg,Lizard Man Leg
183,Lizard,蜥蜴人,Lizard Guard,蜥蜴人 守卫,是,Lizard Man Head with Helmet,Lizard Man Body with Armor,Lizard Man Arm with Armor and Spear,Lizard Man Arm with Armor and Disc,Lizard Man Leg with Boot,Lizard Man Leg with Boot
184,Lizard,蜥蜴人,Lizard Guardian,蜥蜴人 守卫,是,Lizard Man Head with Helmet,Lizard Man Body with Armor,Lizard Man Arm with Armor and Blaster,Lizard Man Arm with Armor and Disc,Lizard Man Leg with Boot,Lizard Man Leg with Boot
185,Lizard,蜥蜴人,Lizard Hunter,蜥蜴人 猎人,是,Lizard Man Head,Lizard Man Body,Lizard Man Arm with Spear,Lizard Man Arm with Blaster,Lizard Man Leg,Lizard Man Leg
186,Lizard,蜥蜴人,Lizard Huntsman,蜥蜴人 猎手,是,Lizard Man Head with Helmet,Lizard Man Body with Armor,Lizard Man Arm with Armor and Spear,Lizard Man Arm with Armor and Spear,Lizard Man Leg with Boot,Lizard Man Leg with Boot
187,Lizard,蜥蜴人,Lizard Officer,蜥蜴人 军官,是,Lizard Man Head with Helmet,Lizard Man Body with Armor,Lizard Man Arm with Armor and Spear,Lizard Man Arm with Armor and Blaster,Lizard Man Leg with Boot,Lizard Man Leg with Boot
188,Lizard,蜥蜴人,Lizard Olympian,蜥蜴人 奥林匹克战士,是,Lizard Man Head,Lizard Man Body,Lizard Man Arm with Disc,Lizard Man Arm with Disc,Lizard Man Leg,Lizard Man Leg
189,Lizard,蜥蜴人,Lizard Praetorian,蜥蜴人 禁卫军,是,Lizard Man Head with Helmet,Lizard Man Body with Armor,Lizard Man Arm with Armor and Disc,Lizard Man Arm with Armor and Bomb,Lizard Man Leg with Boot,Lizard Man Leg with Boot
190,Lizard,蜥蜴人,Lizard Ranger,蜥蜴人 游侠,是,Lizard Man Head with Helmet,Lizard Man Body with Armor,Lizard Man Arm with Armor and Blaster,Lizard Man Arm with Armor and Blaster,Lizard Man Leg with Boot,Lizard Man Leg with Boot
191,Lizard,蜥蜴人,Lizard Rebel,蜥蜴人 反叛者,是,Lizard Man Head,Lizard Man Body,Lizard Man Arm with Spear,Lizard Man Arm with Bomb,Lizard Man Leg,Lizard Man Leg
192,Lizard,蜥蜴人,Lizard Saboteur,蜥蜴人 破坏者,是,Lizard Man Head with Helmet,Lizard Man Body with Armor,Lizard Man Arm with Armor and Spear,Lizard Man Arm with Armor and Bomb,Lizard Man Leg with Boot,Lizard Man Leg with Boot
193,Lizard,蜥蜴人,Lizard Security Guard,蜥蜴人 警卫,是,Lizard Man Head,Lizard Man Body,Lizard Man Arm with Disc,Lizard Man Arm with Bomb,Lizard Man Leg,Lizard Man Leg
194,Lizard,蜥蜴人,Lizard Shooter,蜥蜴人 射手,是,Lizard Man Head,Lizard Man Body,Lizard Man Arm with Blaster,Lizard Man Arm with Blaster,Lizard Man Leg,Lizard Man Leg
195,Lizard,蜥蜴人,Lizard Specialist,蜥蜴人 特战兵,是,Lizard Man Head with Helmet,Lizard Man Body with Armor,Lizard Man Arm with Armor and Blaster,Lizard Man Arm with Armor and Bomb,Lizard Man Leg with Boot,Lizard Man Leg with Boot
196,Lizard,蜥蜴人,Lizard Stormtrooper,蜥蜴人 突击兵,是,Lizard Man Head,Lizard Man Body,Lizard Man Arm with Blaster,Lizard Man Arm with Disc,Lizard Man Leg,Lizard Man Leg
197,Lizard,蜥蜴人,Lizard Terrorist,蜥蜴人 爆破手,是,Lizard Man Head,Lizard Man Body,Lizard Man Arm with Blaster,Lizard Man Arm with Bomb,Lizard Man Leg,Lizard Man Leg
198,Lizard,蜥蜴人,Lizard Trapper,蜥蜴人 陷阱猎手,是,Lizard Man Head,Lizard Man Body,Lizard Man Arm with Spear,Lizard Man Arm with Spear,Lizard Man Leg,Lizard Man Leg
199,Lizard,蜥蜴人,Lizard Warrior,蜥蜴人 战士,是,Lizard Man Head,Lizard Man Body,Lizard Man Arm with Spear,Lizard Man Arm with Disc,Lizard Man Leg,Lizard Man Leg
200,Lizard/Mantis,蜥蜴人 / 螳螂人,Infected Lizard,感染体 蜥蜴人,是,Mantis Head,Lizard Man Body,Mantis Arm,Mantis Arm,Lizard Man Leg,Lizard Man Leg
201,Lizard/Mantis,蜥蜴人 / 螳螂人,Lizard Arachnid,蜥蜴人 蛛形体,是,Lizard Man Head / Lizard Man Head with Helmet,Lizard Man Body / Lizard Man Body with Armor,Lizard Man Arm with Armor and Blaster / Lizard Man Arm with Armor and Bomb / Lizard Man Arm with Armor and Disc / Lizard Man Arm with Armor and Spear / Lizard Man Arm with Blaster / Lizard Man Arm with Bomb / Lizard Man Arm with Disc / Lizard Man Arm with Spear,Lizard Man Arm with Armor and Blaster / Lizard Man Arm with Armor and Bomb / Lizard Man Arm with Armor and Disc / Lizard Man Arm with Armor and Spear / Lizard Man Arm with Blaster / Lizard Man Arm with Bomb / Lizard Man Arm with Disc / Lizard Man Arm with Spear,Mantis Leg,Mantis Leg
202,Lizard/Mantis,蜥蜴人 / 螳螂人,Lizard-Insectoid,蜥蜴人昆虫体,是,Lizard Man Head / Lizard Man Head with Helmet,Lizard Man Body / Lizard Man Body with Armor,Mantis Arm,Mantis Arm,Mantis Leg,Mantis Leg
203,Lizard/Orc,蜥蜴人 / 兽人,Lizard Half-Breed,蜥蜴人 混血种,否,Orc Head / Orc Head with Helmet / Orc Head with Boar Mask,Lizard Man Body / Lizard Man Body with Armor,Lizard Man Arm with Armor and Blaster / Lizard Man Arm with Armor and Bomb / Lizard Man Arm with Armor and Disc / Lizard Man Arm with Armor and Spear / Lizard Man Arm with Blaster / Lizard Man Arm with Bomb / Lizard Man Arm with Disc / Lizard Man Arm with Spear,Orc Arm with Armor and Axe / Orc Arm with Armor and Mace / Orc Arm with Armor and Shield / Orc Arm with Armor and Sword / Orc Arm with Axe / Orc Arm with Mace / Orc Arm with Shield / Orc Arm with Skull / Orc Arm with Staff / Orc Arm with Sword,Lizard Man Leg / Lizard Man Leg with Boot,Orc Leg / Orc Leg with Boot
204,Lizard/Orc,蜥蜴人 / 兽人,Orc Half-breed,兽人混血种,是,Orc Head / Orc Head with Helmet / Orc Head with Boar Mask,Lizard Man Body / Lizard Man Body with Armor,Orc Arm with Armor and Axe / Orc Arm with Armor and Mace / Orc Arm with Armor and Shield / Orc Arm with Armor and Sword / Orc Arm with Axe / Orc Arm with Mace / Orc Arm with Shield / Orc Arm with Skull / Orc Arm with Staff / Orc Arm with Sword,Lizard Man Arm with Armor and Blaster / Lizard Man Arm with Armor and Bomb / Lizard Man Arm with Armor and Disc / Lizard Man Arm with Armor and Spear / Lizard Man Arm with Blaster / Lizard Man Arm with Bomb / Lizard Man Arm with Disc / Lizard Man Arm with Spear,Orc Leg / Orc Leg with Boot,Lizard Man Leg / Lizard Man Leg with Boot
205,Lizard/Orc,蜥蜴人 / 兽人,Orc Mutant,兽人 变异体,是,Orc Head,Orc Body,Lizard Man Arm with Armor and Blaster / Lizard Man Arm with Armor and Bomb / Lizard Man Arm with Armor and Disc / Lizard Man Arm with Armor and Spear / Lizard Man Arm with Blaster / Lizard Man Arm with Bomb / Lizard Man Arm with Disc / Lizard Man Arm with Spear,Lizard Man Arm with Armor and Blaster / Lizard Man Arm with Armor and Bomb / Lizard Man Arm with Armor and Disc / Lizard Man Arm with Armor and Spear / Lizard Man Arm with Blaster / Lizard Man Arm with Bomb / Lizard Man Arm with Disc / Lizard Man Arm with Spear,Lizard Man Leg / Lizard Man Leg with Boot,Lizard Man Leg / Lizard Man Leg with Boot
206,Harpy,鹰身女妖,Harpy Princess,鹰身女妖 公主,是,Harpy Head with Diadem,Harpy Body,Harpy Wing,Harpy Wing,Harpy Leg,Harpy Leg
207,Harpy,鹰身女妖,Harpy Queen,鹰身女妖 女王,是,Harpy Head with Diadem,Harpy Body with Armor,Harpy Wing with Steel Feathers,Harpy Wing with Steel Feathers,Harpy Leg with Steel Claws,Harpy Leg with Steel Claws
208,Harpy,鹰身女妖,Harpy,鹰身女妖,是,Harpy Head,Harpy Body,Harpy Wing,Harpy Wing,Harpy Leg,Harpy Leg
209,Harpy,鹰身女妖,Harpy Warrior,鹰身女妖 战士,是,Harpy Head with Helmet,Harpy Body with Armor,Harpy Wing with Steel Feathers,Harpy Wing with Steel Feathers,Harpy Leg with Steel Claws,Harpy Leg with Steel Claws
210,Harpy/Zombie,鹰身女妖 / 僵尸,Scavenger,拾荒者,是,Zombie Head / Zombie Head with Helmet / Zombie Head with Magic Hat,Zombie Body / Zombie Body with Armor / Zombie Body with Cloak,Harpy Wing,Harpy Wing,Zombie Leg / Zombie Leg with Boot,Zombie Leg / Zombie Leg with Boot
211,Harpy/Zombie,鹰身女妖 / 僵尸,Scavenger Warrior,拾荒战士,是,Zombie Head with Helmet,Zombie Body with Armor,Harpy Wing with Steel Feathers,Harpy Wing with Steel Feathers,Zombie Leg with Boot,Zombie Leg with Boot
212,Harpy/Mantis,鹰身女妖 / 螳螂人,Harpy Arachnid,鹰身女妖 蛛形体,是,Harpy Head / Harpy Head with Helmet / Harpy Head with Diadem,Harpy Body / Harpy Body with Armor,Harpy Wing / Harpy Wing with Steel Feathers,Harpy Wing / Harpy Wing with Steel Feathers,Mantis Leg,Mantis Leg
213,Harpy/Mantis,鹰身女妖 / 螳螂人,Harpy-Insectoid,鹰身女妖昆虫体,是,Harpy Head / Harpy Head with Helmet / Harpy Head with Diadem,Harpy Body / Harpy Body with Armor,Mantis Arm,Mantis Arm,Mantis Leg,Mantis Leg
214,Harpy/Mantis,鹰身女妖 / 螳螂人,Infected Harpy,感染体 鹰身女妖,是,Mantis Head,Harpy Body,Mantis Arm,Mantis Arm,Harpy Leg,Harpy Leg
215,Harpy/Orc,鹰身女妖 / 兽人,Fighter Orc,战士 兽人,是,Orc Head with Helmet,Orc Body with Armor,Harpy Wing with Steel Feathers,Harpy Wing with Steel Feathers,Orc Leg with Boot,Orc Leg with Boot
216,Harpy/Orc,鹰身女妖 / 兽人,Orc Scavenger,兽人 拾荒者,是,Orc Head,Orc Body,Harpy Wing,Harpy Wing,Orc Leg,Orc Leg
217,Harpy/Cyclops,鹰身女妖 / 独眼巨人,Hag,老巫婆,是,Cyclops Head / Cyclops Head with Slave Mask,Harpy Body / Harpy Body with Armor,Harpy Wing / Harpy Wing with Steel Feathers,Harpy Wing / Harpy Wing with Steel Feathers,Harpy Leg / Harpy Leg with Steel Claws,Harpy Leg / Harpy Leg with Steel Claws
218,Harpy/Cyclops,鹰身女妖 / 独眼巨人,One-Eyed Monster,独眼怪物,是,Cyclops Head / Cyclops Head with Slave Mask,Cyclops Body,Harpy Wing / Harpy Wing with Steel Feathers,Harpy Wing / Harpy Wing with Steel Feathers,Cyclops Leg,Cyclops Leg
219,Harpy/Lizard,鹰身女妖 / 蜥蜴人,Winged Battle Lizard,翼化 战斗蜥蜴人,是,Lizard Man Head with Helmet,Lizard Man Body with Armor,Harpy Wing with Steel Feathers,Harpy Wing with Steel Feathers,Lizard Man Leg with Boot,Lizard Man Leg with Boot
220,Harpy/Lizard,鹰身女妖 / 蜥蜴人,Winged Lizard,翼化 蜥蜴人,是,Lizard Man Head,Lizard Man Body,Harpy Wing,Harpy Wing,Lizard Man Leg,Lizard Man Leg
221,Harpy multi,鹰身女妖等多种混合,Homunculus,人造人,是,Zombie Head / Zombie Head with Helmet / Zombie Head with Magic Hat,Zombie Body / Zombie Body with Armor / Zombie Body with Cloak,Orc Arm with Armor and Axe / Orc Arm with Armor and Mace / Orc Arm with Armor and Shield / Orc Arm with Armor and Sword / Orc Arm with Axe / Orc Arm with Mace / Orc Arm with Shield / Orc Arm with Skull / Orc Arm with Staff / Orc Arm with Sword,Harpy Wing / Harpy Wing with Steel Feathers,Mantis Leg,Lizard Man Leg / Lizard Man Leg with Boot
222,Fairy,妖精,Corrupted Fairy,堕落妖精,是,Fairy Head,Fairy Body with Wings Torn Off,Fairy Arm / Fairy Arm with Dart,Fairy Arm / Fairy Arm with Dart,Fairy Leg,Fairy Leg
223,Fairy,妖精,Fairy Caster,妖精施法者,是,Fairy Head,Fairy Body,Fairy Arm,Fairy Arm with Dart,Fairy Leg,Fairy Leg
224,Fairy,妖精,Fairy Sorceress,妖精女术士,是,Fairy Head,Fairy Body,Fairy Arm,Fairy Arm,Fairy Leg,Fairy Leg
225,Fairy,妖精,Fairy Warrior,妖精战士,是,Fairy Head,Fairy Body,Fairy Arm with Dart,Fairy Arm with Dart,Fairy Leg,Fairy Leg
226,Fairy/Harpy,妖精 / 鹰身女妖,Cursed Fairy,诅咒妖精,是,Fairy Head,Fairy Body with Wings Torn Off,Harpy Wing / Harpy Wing with Steel Feathers,Harpy Wing / Harpy Wing with Steel Feathers,Fairy Leg,Fairy Leg
227,Mummy,木乃伊,Pharaoh,法老,是,Pharaoh Mummy Head,Mummy Body,Mummy Arm with Djed,Mummy Arm,Mummy Leg,Mummy Leg
228,Mummy,木乃伊,Mummy,木乃伊,是,Mummy Head,Mummy Body,Mummy Arm,Mummy Arm,Mummy Leg,Mummy Leg
229,Swamp Spirit,沼泽之灵,Old Swamp Spirit,古老沼泽之灵,是,Swamp Spirit Head,Swamp Spirit Body with Leeches,Swamp Spirit Arm,Swamp Spirit Arm,Swamp Spirit Leg,Swamp Spirit Leg
230,Swamp Spirit,沼泽之灵,Swamp Spirit,沼泽之灵,是,Swamp Spirit Head,Swamp Spirit Body,Swamp Spirit Arm,Swamp Spirit Arm,Swamp Spirit Leg,Swamp Spirit Leg
231,Illithid,夺心魔,God of Terror,恐怖之神,是,Illithid Head / Illithid Head with Braineating Larva,Illithid Body,Illithid Arm with Dreadstaff,Illithid Arm with Book of Nightmares,Illithid Leg,Illithid Leg
232,Illithid,夺心魔,Illithid / indoctrinator,夺心魔教化者,是,Illithid Head / Illithid Head with Braineating Larva,Illithid Body,Illithid Arm with Slave Brain,Illithid Arm with Book of Nightmares,Illithid Leg,Illithid Leg
233,Illithid,夺心魔,Illithid Oppressor,夺心魔 压迫者,是,Illithid Head / Illithid Head with Braineating Larva,Illithid Body,Illithid Arm with Slave Brain,Illithid Arm with Dreadstaff,Illithid Leg,Illithid Leg
234,Illithid,夺心魔,Illithid Slaver,夺心魔 奴隶主,是,Illithid Head / Illithid Head with Braineating Larva,Illithid Body,Illithid Arm with Slave Brain,Illithid Arm with Slave Brain,Illithid Leg,Illithid Leg
235,Illithid hybrids,夺心魔混种,Enslaved Zombie,被奴役的 僵尸,是,Illithid Head / Illithid Head with Braineating Larva,Zombie Body / Zombie Body with Armor / Zombie Body with Cloak,Illithid Arm with Book of Nightmares / Illithid Arm with Slave Brain / Illithid Arm with Dreadstaff,Illithid Arm with Book of Nightmares / Illithid Arm with Slave Brain / Illithid Arm with Dreadstaff,Zombie Leg / Zombie Leg with Boot,Zombie Leg / Zombie Leg with Boot
236,Illithid hybrids,夺心魔混种,Enslaved Mantis,被奴役的 螳螂人,是,Illithid Head / Illithid Head with Braineating Larva,Mantis Body / Female Mantis Body,Illithid Arm with Book of Nightmares / Illithid Arm with Slave Brain / Illithid Arm with Dreadstaff,Illithid Arm with Book of Nightmares / Illithid Arm with Slave Brain / Illithid Arm with Dreadstaff,Mantis Leg,Mantis Leg
237,Illithid hybrids,夺心魔混种,Enslaved Orc,被奴役的 兽人,是,Illithid Head / Illithid Head with Braineating Larva,Orc Body / Orc Body with Armor / Orc Body in Wolf Skin,Illithid Arm with Book of Nightmares / Illithid Arm with Slave Brain / Illithid Arm with Dreadstaff,Illithid Arm with Book of Nightmares / Illithid Arm with Slave Brain / Illithid Arm with Dreadstaff,Orc Leg / Orc Leg with Boot,Orc Leg / Orc Leg with Boot
238,Illithid hybrids,夺心魔混种,Enslaved Cyclops,被奴役的 独眼巨人,是,Illithid Head / Illithid Head with Braineating Larva,Cyclops Body,Illithid Arm with Book of Nightmares / Illithid Arm with Slave Brain / Illithid Arm with Dreadstaff,Illithid Arm with Book of Nightmares / Illithid Arm with Slave Brain / Illithid Arm with Dreadstaff,Cyclops Leg,Cyclops Leg
239,Illithid hybrids,夺心魔混种,Enslaved Lizard,被奴役的 蜥蜴人,是,Illithid Head / Illithid Head with Braineating Larva,Lizard Man Body / Lizard Man Body with Armor,Illithid Arm with Book of Nightmares / Illithid Arm with Slave Brain / Illithid Arm with Dreadstaff,Illithid Arm with Book of Nightmares / Illithid Arm with Slave Brain / Illithid Arm with Dreadstaff,Lizard Man Leg / Lizard Man Leg with Boot,Lizard Man Leg / Lizard Man Leg with Boot
240,Illithid hybrids,夺心魔混种,Enslaved Harpy,被奴役的 鹰身女妖,是,Illithid Head / Illithid Head with Braineating Larva,Harpy Body / Harpy Body with Armor,Illithid Arm with Book of Nightmares / Illithid Arm with Slave Brain / Illithid Arm with Dreadstaff,Illithid Arm with Book of Nightmares / Illithid Arm with Slave Brain / Illithid Arm with Dreadstaff,Harpy Leg / Harpy Leg with Steel Claws,Harpy Leg / Harpy Leg with Steel Claws
241,Cursed Armor,诅咒铠甲,Cursed Archer,诅咒 弓箭手,是,Cursed Armor Helmet,Cursed Armor Cuirass,Cursed Armor Arm with Triple Morning Star / Cursed Armor Arm with Hammer,Cursed Armor Arm with Crossbow,Cursed Armor Leg,Cursed Armor Leg
242,Cursed Armor,诅咒铠甲,Cursed Armor,诅咒铠甲,是,Cursed Armor Helmet,Cursed Armor Cuirass,Cursed Armor Arm with Triple Morning Star / Cursed Armor Arm with Hammer,Cursed Armor Arm with Shield,Cursed Armor Leg,Cursed Armor Leg
243,Cursed Armor,诅咒铠甲,Cursed Piercer,诅咒 穿刺者,是,Cursed Armor Helmet,Cursed Armor Cuirass with Thorns,Cursed Armor Arm with Triple Morning Star / Cursed Armor Arm with Hammer,Cursed Armor Arm with Crossbow,Cursed Armor Leg,Cursed Armor Leg
244,Cursed Armor,诅咒铠甲,Cursed Shooter,诅咒 射手,是,Cursed Armor Helmet,Cursed Armor Cuirass,Cursed Armor Arm with Crossbow,Cursed Armor Arm with Crossbow,Cursed Armor Leg,Cursed Armor Leg
245,Cursed Armor,诅咒铠甲,Cursed Spiky Armor,荆棘诅咒铠甲,是,Cursed Armor Helmet,Cursed Armor Cuirass with Thorns,Cursed Armor Arm with Triple Morning Star / Cursed Armor Arm with Hammer,Cursed Armor Arm with Shield,Cursed Armor Leg,Cursed Armor Leg
246,Cursed Armor,诅咒铠甲,Cursed Thrasher,诅咒 猛击者,是,Cursed Armor Helmet,Cursed Armor Cuirass with Thorns,Cursed Armor Arm with Hammer,Cursed Armor Arm with Triple Morning Star,Cursed Armor Leg,Cursed Armor Leg
247,Demon,恶魔,Demon Invader,恶魔 入侵者,是,Demon Head,Demon Body,Demon Arm with Whip,Demon Arm with Gravitation Orb,Demon Leg,Demon Leg
248,Demon,恶魔,Demon Reaper,恶魔 收割者,是,Demon Head,Demon Body,Demon Arm with Pandora's Box,Demon Arm with Kusarigama,Demon Leg,Demon Leg
249,Demon,恶魔,Demon Tempter,恶魔 诱惑者,是,Demon Head,Demon Body,Demon Arm with Adam's Apple,Demon Arm with Gravitation Orb,Demon Leg,Demon Leg
250,Demon,恶魔,Demon Torturer,恶魔 拷问者,是,Demon Head,Demon Body,Demon Arm with Whip,Demon Arm with Kusarigama,Demon Leg,Demon Leg
251,Demon hybrids,恶魔混种,Dead God,亡神,是,Skeleton Head / Skeleton Head with Helmet / Skeleton Head with Magic Hat,Demon Body,Demon Arm with Adam's Apple / Demon Arm with Kusarigama / Demon Arm with Pandora's Box / Demon Arm with Gravitation Orb / Demon Arm with Whip,Demon Arm with Adam's Apple / Demon Arm with Kusarigama / Demon Arm with Pandora's Box / Demon Arm with Gravitation Orb / Demon Arm with Whip,Demon Leg,Demon Leg
252,Demon hybrids,恶魔混种,Demon Arachnid,恶魔 蛛形体,是,Demon Head,Demon Body,Demon Arm with Adam's Apple / Demon Arm with Kusarigama / Demon Arm with Pandora's Box / Demon Arm with Gravitation Orb / Demon Arm with Whip,Demon Arm with Adam's Apple / Demon Arm with Kusarigama / Demon Arm with Pandora's Box / Demon Arm with Gravitation Orb / Demon Arm with Whip,Mantis Leg,Mantis Leg
253,Demon hybrids,恶魔混种,Infected demon,感染恶魔,是,Mantis Head,Demon Body,Mantis Arm,Mantis Arm,Demon Leg,Demon Leg
254,Demon hybrids,恶魔混种,Demon Incubus,恶魔梦魔,是,Demon Head,Demon Body,Harpy Wing / Harpy Wing with Steel Feathers,Harpy Wing / Harpy Wing with Steel Feathers,Demon Leg,Demon Leg
255,Demon hybrids,恶魔混种,Enslaved demon,被奴役的恶魔,是,Illithid Head / Illithid Head with Braineating Larva,Demon Body,Illithid Arm with Book of Nightmares / Illithid Arm with Slave Brain / Illithid Arm with Dreadstaff,Illithid Arm with Book of Nightmares / Illithid Arm with Slave Brain / Illithid Arm with Dreadstaff,Demon Leg,Demon Leg
256,Treant,树人,Ancient Ent,远古树人,是,Treant Head / Treant Head with Raven Nest,Treant Body with Wyrm Hole,Treant Arm,Treant Arm with Beehive,Treant Leg,Treant Leg
257,Treant,树人,Treant Diviner,树人 占卜者,是,Treant Head with Raven Nest,Treant Body,Treant Arm / Treant Arm with Explosive Acorns / Treant Arm with Beehive / Treant Arm with Burning Branches,Treant Arm / Treant Arm with Explosive Acorns / Treant Arm with Beehive / Treant Arm with Burning Branches,Treant Leg,Treant Leg
258,Treant,树人,Burning Treant,燃烧 树人,是,Treant Head,Treant Body,Treant Arm,Treant Arm with Burning Branches,Treant Leg,Treant Leg
259,Treant,树人,Rattling Treant,震颤 树人,是,Treant Head,Treant Body,Treant Arm,Treant Arm with Explosive Acorns,Treant Leg,Treant Leg
260,Treant,树人,Swarm Ruler,虫群统治者,是,Treant Head,Treant Body,Treant Arm,Treant Arm with Beehive,Treant Leg,Treant Leg
261,Treant hybrids,树人混种,Giant Stick Insect,巨型竹节虫,是,Treant Head / Treant Head with Raven Nest,Treant Body / Treant Body with Wyrm Hole,Mantis Arm,Mantis Arm,Mantis Leg,Mantis Leg
262,Treant hybrids,树人混种,Swamp Treant,沼泽树人,是,Treant Head / Treant Head with Raven Nest,Swamp Spirit Body / Swamp Spirit Body with Leeches,Treant Arm / Treant Arm with Explosive Acorns / Treant Arm with Beehive / Treant Arm with Burning Branches,Treant Arm / Treant Arm with Explosive Acorns / Treant Arm with Beehive / Treant Arm with Burning Branches,Swamp Spirit Leg,Swamp Spirit Leg
263,Werewolf,狼人及混种,Werewolf,狼人,是,Werewolf Head,Werewolf Body,Werewolf Arm,Werewolf Arm,Werewolf Leg,Werewolf Leg
264,Werewolf,狼人及混种,Wendigo,温迪戈,是,Zombie Head / Zombie Head with Helmet / Zombie Head with Magic Hat,Zombie Body / Zombie Body with Armor / Zombie Body with Cloak,Werewolf Arm,Werewolf Arm,Zombie Leg / Zombie Leg with Boot,Zombie Leg / Zombie Leg with Boot
265,Werewolf,狼人及混种,Infected Werewolf,感染体 狼人,是,Mantis Head,Werewolf Body,Mantis Arm,Mantis Arm,Werewolf Leg,Werewolf Leg
266,Werewolf,狼人及混种,Werewolf Arachnid,狼人 蛛形体,是,Werewolf Head,Werewolf Body,Werewolf Arm,Werewolf Arm,Mantis Leg,Mantis Leg
267,Werewolf,狼人及混种,Werewolf-Insectoid,狼人昆虫体,是,Werewolf Head,Werewolf Body,Mantis Arm,Mantis Arm,Mantis Leg,Mantis Leg
268,Werewolf,狼人及混种,Orc Sage,兽人 贤者,是,Werewolf Head,Orc Body in Wolf Skin,Orc Arm with Staff,Orc Arm with Skull,Orc Leg / Orc Leg with Boot,Orc Leg / Orc Leg with Boot
269,Werewolf,狼人及混种,Orc Shifter,兽人 变形者,是,Werewolf Head,Orc Body / Orc Body with Armor / Orc Body in Wolf Skin,Werewolf Arm,Werewolf Arm,Orc Leg / Orc Leg with Boot,Orc Leg / Orc Leg with Boot
270,Werewolf,狼人及混种,Chimera,奇美拉,是,Werewolf Head,Werewolf Body,Harpy Wing / Harpy Wing with Steel Feathers,Harpy Wing / Harpy Wing with Steel Feathers,Werewolf Leg,Werewolf Leg
271,Werewolf,狼人及混种,Enslaved Werewolf,被奴役的 狼人,是,Illithid Head / Illithid Head with Braineating Larva,Werewolf Body,Illithid Arm with Book of Nightmares / Illithid Arm with Slave Brain / Illithid Arm with Dreadstaff,Illithid Arm with Book of Nightmares / Illithid Arm with Slave Brain / Illithid Arm with Dreadstaff,Werewolf Leg,Werewolf Leg
272,Werewolf,狼人及混种,Satyr,萨堤尔,是,Werewolf Head,Werewolf Body,Werewolf Arm,Werewolf Arm,Demon Leg,Demon Leg
273,Jotunn,霜巨人,Jötunn Crusher,霜巨人 粉碎者,是,Jötunn Head with Armor,Jötunn Body with Armor,Jötunn Arm with Armor and Double Axe / Jötunn Arm with Armor and Ice Sword,Jotun Arm with Armor and Thor's Hammer,Jötunn Leg with Armor,Jötunn Leg with Armor
274,Jotunn,霜巨人,Jötunn Destroyer,霜巨人 毁灭者,是,Jötunn Head with Armor,Jötunn Body with Armor,Jötunn Arm with Armor and Ice Sword,Jötunn Arm with Armor and Double Axe,Jötunn Leg with Armor,Jötunn Leg with Armor
275,Jotunn,霜巨人,Jötunn Fencer,霜巨人 剑士,是,Jötunn Head,Jötunn Body,Jötunn Arm with Double Axe / Jötunn Arm with Ice Sword,Jotun Arm with Tesseract,Jötunn Leg,Jötunn Leg
276,Jotunn,霜巨人,Jötunn Fencer,霜巨人 剑士,是,Jötunn Head,Jötunn Body,Jötunn Arm with Double Axe / Jötunn Arm with Ice Sword,Jötunn Arm with Totem,Jötunn Leg,Jötunn Leg
277,Jotunn,霜巨人,Jötunn Fighter,霜巨人 战士,是,Jötunn Head,Jötunn Body,Jötunn Arm with Ice Sword,Jötunn Arm with Double Axe,Jötunn Leg,Jötunn Leg
278,Jotunn,霜巨人,Jötunn Guard,霜巨人 守卫,是,Jötunn Head with Armor,Jötunn Body with Armor,Jötunn Arm with Armor and Double Axe / Jötunn Arm with Armor and Ice Sword,Jotun Arm with Armor and Tesseract,Jötunn Leg with Armor,Jötunn Leg with Armor
279,Jotunn,霜巨人,Jötunn Guard,霜巨人 守卫,是,Jötunn Head with Armor,Jötunn Body with Armor,Jötunn Arm with Armor and Double Axe / Jötunn Arm with Armor and Ice Sword,Jötunn Arm with Armor and Totem,Jötunn Leg with Armor,Jötunn Leg with Armor
280,Jotunn,霜巨人,Jötunn Harbinger,霜巨人 先驱,是,Jötunn Head,Jötunn Body,Jötunn Arm with Double Axe / Jötunn Arm with Ice Sword,Jötunn Arm with Horn,Jötunn Leg,Jötunn Leg
281,Jotunn,霜巨人,Jötunn Shaker,霜巨人 撼地者,是,Jötunn Head,Jötunn Body,Jötunn Arm with Double Axe / Jötunn Arm with Ice Sword,Jotun Arm with Thor's Hammer,Jötunn Leg,Jötunn Leg
282,Jotunn,霜巨人,Jötunn Warlord,霜巨人 战争领主,是,Jötunn Head with Armor,Jötunn Body with Armor,Jötunn Arm with Armor and Double Axe / Jötunn Arm with Armor and Ice Sword,Jotun Arm with Armor and Horn,Jötunn Leg with Armor,Jötunn Leg with Armor
283,Jotunn hybrids,霜巨人混种,Jötunn Arachnid,霜巨人 蛛形体,是,Jötunn Head / Jötunn Head with Armor,Jötunn Body / Jötunn Body with Armor,Jötunn Arm with Armor and Double Axe / Jotun Arm with Armor and Thor's Hammer / Jotun Arm with Armor and Horn / Jötunn Arm with Armor and Ice Sword / Jotun Arm with Armor and Tesseract / Jötunn Arm with Armor and Totem / Jötunn Arm with Double Axe / Jotun Arm with Thor's Hammer / Jötunn Arm with Horn / Jötunn Arm with Ice Sword / Jotun Arm with Tesseract / Jötunn Arm with Totem,Jötunn Arm with Armor and Double Axe / Jotun Arm with Armor and Thor's Hammer / Jotun Arm with Armor and Horn / Jötunn Arm with Armor and Ice Sword / Jotun Arm with Armor and Tesseract / Jötunn Arm with Armor and Totem / Jötunn Arm with Double Axe / Jotun Arm with Thor's Hammer / Jötunn Arm with Horn / Jötunn Arm with Ice Sword / Jotun Arm with Tesseract / Jötunn Arm with Totem,Mantis Leg,Mantis Leg
284,Jotunn hybrids,霜巨人混种,Jötunn Infected,霜巨人 感染体,是,Mantis Head,Jötunn Body / Jötunn Body with Armor,Mantis Arm,Mantis Arm,Jötunn Leg / Jötunn Leg with Armor,Jötunn Leg / Jötunn Leg with Armor
285,Jotunn hybrids,霜巨人混种,Cyclop Fighter,独眼巨人 战士,是,Cyclops Head / Cyclops Head with Slave Mask,Cyclops Body,Jötunn Arm with Armor and Double Axe / Jotun Arm with Armor and Thor's Hammer / Jotun Arm with Armor and Horn / Jötunn Arm with Armor and Ice Sword / Jotun Arm with Armor and Tesseract / Jötunn Arm with Armor and Totem / Jötunn Arm with Double Axe / Jotun Arm with Thor's Hammer / Jötunn Arm with Horn / Jötunn Arm with Ice Sword / Jotun Arm with Tesseract / Jötunn Arm with Totem,Cyclops Arm with Boulder / Cyclops Arm with Uprooted Tree,Cyclops Leg,Cyclops Leg
286,Jotunn hybrids,霜巨人混种,Cyclop Half-Breed,独眼巨人 混血种,是,Cyclops Head / Cyclops Head with Slave Mask,Cyclops Body,Cyclops Arm with Boulder / Cyclops Arm with Uprooted Tree,Jötunn Arm with Armor and Double Axe / Jotun Arm with Armor and Thor's Hammer / Jotun Arm with Armor and Horn / Jötunn Arm with Armor and Ice Sword / Jotun Arm with Armor and Tesseract / Jötunn Arm with Armor and Totem / Jötunn Arm with Double Axe / Jotun Arm with Thor's Hammer / Jötunn Arm with Horn / Jötunn Arm with Ice Sword / Jotun Arm with Tesseract / Jötunn Arm with Totem,Cyclops Leg,Jötunn Leg / Jötunn Leg with Armor
287,Jotunn hybrids,霜巨人混种,Cyclop Veteran,独眼巨人 老兵,是,Jötunn Head / Jötunn Head with Armor,Cyclops Body,Cyclops Arm with Boulder / Cyclops Arm with Uprooted Tree,Cyclops Arm with Boulder / Cyclops Arm with Uprooted Tree,Cyclops Leg,Cyclops Leg
288,Jotunn hybrids,霜巨人混种,Cyclops Warrior,独眼巨人 战士,是,Cyclops Head / Cyclops Head with Slave Mask,Cyclops Body,Jötunn Arm with Armor and Double Axe / Jotun Arm with Armor and Thor's Hammer / Jotun Arm with Armor and Horn / Jötunn Arm with Armor and Ice Sword / Jotun Arm with Armor and Tesseract / Jötunn Arm with Armor and Totem / Jötunn Arm with Double Axe / Jotun Arm with Thor's Hammer / Jötunn Arm with Horn / Jötunn Arm with Ice Sword / Jotun Arm with Tesseract / Jötunn Arm with Totem,Jötunn Arm with Armor and Double Axe / Jotun Arm with Armor and Thor's Hammer / Jotun Arm with Armor and Horn / Jötunn Arm with Armor and Ice Sword / Jotun Arm with Armor and Tesseract / Jötunn Arm with Armor and Totem / Jötunn Arm with Double Axe / Jotun Arm with Thor's Hammer / Jötunn Arm with Horn / Jötunn Arm with Ice Sword / Jotun Arm with Tesseract / Jötunn Arm with Totem,Cyclops Leg,Cyclops Leg
289,Jotunn hybrids,霜巨人混种,Jötunn Thug,霜巨人 暴徒,是,Jötunn Head / Jötunn Head with Armor,Jötunn Body / Jötunn Body with Armor,Cyclops Arm with Boulder / Cyclops Arm with Uprooted Tree,Cyclops Arm with Boulder / Cyclops Arm with Uprooted Tree,Jötunn Leg / Jötunn Leg with Armor,Jötunn Leg / Jötunn Leg with Armor
290,Jotunn hybrids,霜巨人混种,Jötunn Scavenger,霜巨人 拾荒者,是,Jötunn Head / Jötunn Head with Armor,Jötunn Body / Jötunn Body with Armor,Harpy Wing / Harpy Wing with Steel Feathers,Harpy Wing / Harpy Wing with Steel Feathers,Jötunn Leg / Jötunn Leg with Armor,Jötunn Leg / Jötunn Leg with Armor
291,Jotunn hybrids,霜巨人混种,Enslaved Jötunn,被奴役的 霜巨人,是,Illithid Head / Illithid Head with Braineating Larva,Jötunn Body / Jötunn Body with Armor,Illithid Arm with Book of Nightmares / Illithid Arm with Slave Brain / Illithid Arm with Dreadstaff,Illithid Arm with Book of Nightmares / Illithid Arm with Slave Brain / Illithid Arm with Dreadstaff,Jötunn Leg / Jötunn Leg with Armor,Jötunn Leg / Jötunn Leg with Armor
292,Jotunn hybrids,霜巨人混种,Elder Jötunn,霜巨人长者,是,Jötunn Head / Jötunn Head with Armor,Jötunn Body / Jötunn Body with Armor,Treant Arm / Treant Arm with Explosive Acorns / Treant Arm with Beehive / Treant Arm with Burning Branches,Treant Arm / Treant Arm with Explosive Acorns / Treant Arm with Beehive / Treant Arm with Burning Branches,Treant Leg,Treant Leg
293,Jotunn hybrids,霜巨人混种,Great Jötunn,巨型霜巨人,是,Treant Head / Treant Head with Raven Nest,Treant Body / Treant Body with Wyrm Hole,Jötunn Arm with Armor and Double Axe / Jotun Arm with Armor and Thor's Hammer / Jotun Arm with Armor and Horn / Jötunn Arm with Armor and Ice Sword / Jotun Arm with Armor and Tesseract / Jötunn Arm with Armor and Totem / Jötunn Arm with Double Axe / Jotun Arm with Thor's Hammer / Jötunn Arm with Horn / Jötunn Arm with Ice Sword / Jotun Arm with Tesseract / Jötunn Arm with Totem,Jötunn Arm with Armor and Double Axe / Jotun Arm with Armor and Thor's Hammer / Jotun Arm with Armor and Horn / Jötunn Arm with Armor and Ice Sword / Jotun Arm with Armor and Tesseract / Jötunn Arm with Armor and Totem / Jötunn Arm with Double Axe / Jotun Arm with Thor's Hammer / Jötunn Arm with Horn / Jötunn Arm with Ice Sword / Jotun Arm with Tesseract / Jötunn Arm with Totem,Treant Leg,Treant Leg
294,Jotunn hybrids,霜巨人混种,Jötunn Half-Blood,霜巨人 混血种,是,Jötunn Head / Jötunn Head with Armor,Jötunn Body / Jötunn Body with Armor,Cyclops Arm with Boulder / Cyclops Arm with Uprooted Tree,Jötunn Arm with Armor and Double Axe / Jotun Arm with Armor and Thor's Hammer / Jotun Arm with Armor and Horn / Jötunn Arm with Armor and Ice Sword / Jotun Arm with Armor and Tesseract / Jötunn Arm with Armor and Totem / Jötunn Arm with Double Axe / Jotun Arm with Thor's Hammer / Jötunn Arm with Horn / Jötunn Arm with Ice Sword / Jotun Arm with Tesseract / Jötunn Arm with Totem,Cyclops Leg,Jötunn Leg / Jötunn Leg with Armor
295,Jotunn hybrids,霜巨人混种,Jötunn Savage,霜巨人 蛮兵,是,Cyclops Head / Cyclops Head with Slave Mask,Jötunn Body / Jötunn Body with Armor,Jötunn Arm with Armor and Double Axe / Jotun Arm with Armor and Thor's Hammer / Jotun Arm with Armor and Horn / Jötunn Arm with Armor and Ice Sword / Jotun Arm with Armor and Tesseract / Jötunn Arm with Armor and Totem / Jötunn Arm with Double Axe / Jotun Arm with Thor's Hammer / Jötunn Arm with Horn / Jötunn Arm with Ice Sword / Jotun Arm with Tesseract / Jötunn Arm with Totem,Jötunn Arm with Armor and Double Axe / Jotun Arm with Armor and Thor's Hammer / Jotun Arm with Armor and Horn / Jötunn Arm with Armor and Ice Sword / Jotun Arm with Armor and Tesseract / Jötunn Arm with Armor and Totem / Jötunn Arm with Double Axe / Jotun Arm with Thor's Hammer / Jötunn Arm with Horn / Jötunn Arm with Ice Sword / Jotun Arm with Tesseract / Jötunn Arm with Totem,Jötunn Leg / Jötunn Leg with Armor,Jötunn Leg / Jötunn Leg with Armor
296,Angel,天使,Angel Punisher,天使 惩罚者,是,Angel Head,Angel Body with Wings,Angel Arm with Flaming Sword,Angel Arm with Flaming Sword,Angel Leg,Angel Leg
297,Angel,天使,Angel of Redemption,天使 of 救赎,是,Angel Head,Angel Body with Wings,Angel Arm with Flaming Sword,Angel Arm with Glaive,Angel Leg,Angel Leg
298,Angel,天使,Avenging Angel,复仇 天使,是,Angel Head,Angel Body with Wings,Angel Arm with Glaive,Angel Arm with Glaive,Angel Leg,Angel Leg
299,Angel hybrids,天使混种,Angel of Death,天使 of 死亡,是,Skeleton Head / Skeleton Head with Helmet / Skeleton Head with Magic Hat,Angel Body with Wings,Angel Arm with Flaming Sword / Angel Arm with Glaive,Angel Arm with Flaming Sword / Angel Arm with Glaive,Angel Leg,Angel Leg
300,Angel hybrids,天使混种,Nephilim,拿非利人,是,Zombie Head / Zombie Head with Helmet / Zombie Head with Magic Hat,Zombie Body / Zombie Body with Armor / Zombie Body with Cloak,Angel Arm with Flaming Sword / Angel Arm with Glaive,Angel Arm with Flaming Sword / Angel Arm with Glaive,Angel Leg,Angel Leg
301,Angel hybrids,天使混种,Angel Arachnid,天使 蛛形体,是,Mantis Head,Angel Body with Wings,Mantis Arm,Mantis Arm,Angel Leg,Angel Leg
302,Angel hybrids,天使混种,Infected Angel,感染体 天使,是,Angel Head,Angel Body with Wings,Angel Arm with Flaming Sword / Angel Arm with Glaive,Angel Arm with Flaming Sword / Angel Arm with Glaive,Mantis Leg,Mantis Leg
303,Angel hybrids,天使混种,Valkyrie,女武神,是,Harpy Head with Helmet,Angel Body with Wings,Harpy Wing with Steel Feathers,Harpy Wing with Steel Feathers,Angel Leg,Angel Leg
304,Angel hybrids,天使混种,Enslaved Angel,被奴役的 天使,是,Illithid Head / Illithid Head with Braineating Larva,Angel Body with Wings,Illithid Arm with Book of Nightmares / Illithid Arm with Slave Brain / Illithid Arm with Dreadstaff,Illithid Arm with Book of Nightmares / Illithid Arm with Slave Brain / Illithid Arm with Dreadstaff,Angel Leg,Angel Leg
305,Angel hybrids,天使混种,Angel Half-Breed,天使 混血种,是,Angel Head,Angel Body with Wings,Angel Arm with Flaming Sword / Angel Arm with Glaive,Demon Arm with Adam's Apple / Demon Arm with Kusarigama / Demon Arm with Pandora's Box / Demon Arm with Gravitation Orb / Demon Arm with Whip,Angel Leg,Demon Leg
306,Angel hybrids,天使混种,Demon Half-Breed,恶魔 混血种,是,Demon Head,Demon Body,Angel Arm with Flaming Sword / Angel Arm with Glaive,Demon Arm with Adam's Apple / Demon Arm with Kusarigama / Demon Arm with Pandora's Box / Demon Arm with Gravitation Orb / Demon Arm with Whip,Angel Leg,Demon Leg
307,Angel hybrids,天使混种,Asgardian,阿斯加德人,是,Angel Head,Jötunn Body / Jötunn Body with Armor,Jötunn Arm with Armor and Double Axe / Jotun Arm with Armor and Thor's Hammer / Jotun Arm with Armor and Horn / Jötunn Arm with Armor and Ice Sword / Jotun Arm with Armor and Tesseract / Jötunn Arm with Armor and Totem / Jötunn Arm with Double Axe / Jotun Arm with Thor's Hammer / Jötunn Arm with Horn / Jötunn Arm with Ice Sword / Jotun Arm with Tesseract / Jötunn Arm with Totem,Jötunn Arm with Armor and Double Axe / Jotun Arm with Armor and Thor's Hammer / Jotun Arm with Armor and Horn / Jötunn Arm with Armor and Ice Sword / Jotun Arm with Armor and Tesseract / Jötunn Arm with Armor and Totem / Jötunn Arm with Double Axe / Jotun Arm with Thor's Hammer / Jötunn Arm with Horn / Jötunn Arm with Ice Sword / Jotun Arm with Tesseract / Jötunn Arm with Totem,Jötunn Leg / Jötunn Leg with Armor,Jötunn Leg / Jötunn Leg with Armor
308,Angel hybrids,天使混种,Demon Succubus,恶魔魅魔,是,Angel Head,Demon Body,Demon Arm with Adam's Apple / Demon Arm with Kusarigama / Demon Arm with Pandora's Box / Demon Arm with Gravitation Orb / Demon Arm with Whip,Demon Arm with Adam's Apple / Demon Arm with Kusarigama / Demon Arm with Pandora's Box / Demon Arm with Gravitation Orb / Demon Arm with Whip,Harpy Leg / Harpy Leg with Steel Claws,Harpy Leg / Harpy Leg with Steel Claws
309,Steel Golem,钢铁魔像,Golem Controller,魔像控制者,是,Steel Golem Head,Steel Golem Body,Steel Golem Arm with Spark Gap Tesla Coil,Steel Golem Arm with Spark Gap Tesla Coil,Steel Golem Leg,Steel Golem Leg
310,Steel Golem,钢铁魔像,Golem Fighter,战斗魔像,是,Steel Golem Head,Steel Golem Body,Steel Golem Arm with Steam Gun,Steel Golem Arm with Gatling Gun,Steel Golem Leg,Steel Golem Leg
311,Steel Golem,钢铁魔像,Golem Reaper,收割魔像,是,Steel Golem Head,Steel Golem Body,Steel Golem Arm with Steam Saw,Steel Golem Arm with Steam Saw,Steel Golem Leg,Steel Golem Leg
312,Steel Golem,钢铁魔像,Golem Warrior,魔像战士,是,Steel Golem Head,Steel Golem Body,Steel Golem Arm with Gatling Gun / Steel Golem Arm with Steam Gun,Steel Golem Arm with Steam Saw,Steel Golem Leg,Steel Golem Leg
313,Steel Golem hybrids,钢铁魔像混种,Cyclops Gladiator,独眼巨人 角斗士,是,Cyclops Head / Cyclops Head with Slave Mask,Cyclops Body,Cyclops Arm with Boulder / Cyclops Arm with Uprooted Tree,Steel Golem Arm with Gatling Gun / Steel Golem Arm with Steam Gun / Steel Golem Arm with Spark Gap Tesla Coil / Steel Golem Arm with Steam Saw,Cyclops Leg,Cyclops Leg
314,Steel Golem hybrids,钢铁魔像混种,Cyclops Wrestler,独眼巨人 摔跤手,是,Cyclops Head / Cyclops Head with Slave Mask,Cyclops Body,Steel Golem Arm with Gatling Gun / Steel Golem Arm with Steam Gun / Steel Golem Arm with Spark Gap Tesla Coil / Steel Golem Arm with Steam Saw,Steel Golem Arm with Gatling Gun / Steel Golem Arm with Steam Gun / Steel Golem Arm with Spark Gap Tesla Coil / Steel Golem Arm with Steam Saw,Cyclops Leg,Cyclops Leg
315,Steel Golem hybrids,钢铁魔像混种,Disarmed Cyclops,失去武装的 独眼巨人,是,Steel Golem Head,Cyclops Body,Cyclops Arm with Boulder / Cyclops Arm with Uprooted Tree,Cyclops Arm with Boulder / Cyclops Arm with Uprooted Tree,Cyclops Leg,Cyclops Leg
316,Steel Golem hybrids,钢铁魔像混种,Disarmed Werewolf,失去武装的 狼人,是,Steel Golem Head,Werewolf Body,Werewolf Arm,Werewolf Arm,Werewolf Leg,Werewolf Leg
317,Steel Golem hybrids,钢铁魔像混种,Jötunn Gladiator,霜巨人 角斗士,是,Jötunn Head / Jötunn Head with Armor,Jötunn Body / Jötunn Body with Armor,Jötunn Arm with Armor and Double Axe / Jotun Arm with Armor and Thor's Hammer / Jotun Arm with Armor and Horn / Jötunn Arm with Armor and Ice Sword / Jotun Arm with Armor and Tesseract / Jötunn Arm with Armor and Totem / Jötunn Arm with Double Axe / Jotun Arm with Thor's Hammer / Jötunn Arm with Horn / Jötunn Arm with Ice Sword / Jotun Arm with Tesseract / Jötunn Arm with Totem,Steel Golem Arm with Gatling Gun / Steel Golem Arm with Steam Gun / Steel Golem Arm with Spark Gap Tesla Coil / Steel Golem Arm with Steam Saw,Jötunn Leg / Jötunn Leg with Armor,Jötunn Leg / Jötunn Leg with Armor
318,Steel Golem hybrids,钢铁魔像混种,Jötunn Knight,霜巨人 骑士,是,Jötunn Head / Jötunn Head with Armor,Jötunn Body / Jötunn Body with Armor,Steel Golem Arm with Gatling Gun / Steel Golem Arm with Steam Gun / Steel Golem Arm with Spark Gap Tesla Coil / Steel Golem Arm with Steam Saw,Steel Golem Arm with Gatling Gun / Steel Golem Arm with Steam Gun / Steel Golem Arm with Spark Gap Tesla Coil / Steel Golem Arm with Steam Saw,Jötunn Leg / Jötunn Leg with Armor,Jötunn Leg / Jötunn Leg with Armor
319,Steel Golem hybrids,钢铁魔像混种,Jötunn Tamed,霜巨人 驯服者,是,Steel Golem Head,Jötunn Body / Jötunn Body with Armor,Jötunn Arm with Armor and Double Axe / Jotun Arm with Armor and Thor's Hammer / Jotun Arm with Armor and Horn / Jötunn Arm with Armor and Ice Sword / Jotun Arm with Armor and Tesseract / Jötunn Arm with Armor and Totem / Jötunn Arm with Double Axe / Jotun Arm with Thor's Hammer / Jötunn Arm with Horn / Jötunn Arm with Ice Sword / Jotun Arm with Tesseract / Jötunn Arm with Totem,Jötunn Arm with Armor and Double Axe / Jotun Arm with Armor and Thor's Hammer / Jotun Arm with Armor and Horn / Jötunn Arm with Armor and Ice Sword / Jotun Arm with Armor and Tesseract / Jötunn Arm with Armor and Totem / Jötunn Arm with Double Axe / Jotun Arm with Thor's Hammer / Jötunn Arm with Horn / Jötunn Arm with Ice Sword / Jotun Arm with Tesseract / Jötunn Arm with Totem,Jötunn Leg / Jötunn Leg with Armor,Jötunn Leg / Jötunn Leg with Armor
320,Xenostalker,异星潜猎者,Xenostalker,异星潜猎者,是,Xenostalker Head,Xenostalker Body,Xenostalker Arm,Xenostalker Arm,Xenostalker Leg,Xenostalker Leg
321,Xenostalker,异星潜猎者,Enslaved Xenostalker,被奴役的异星潜猎者,是,Illithid Head / Illithid Head with Braineating Larva,Xenostalker Body,Illithid Arm with Book of Nightmares / Illithid Arm with Slave Brain / Illithid Arm with Dreadstaff,Illithid Arm with Book of Nightmares / Illithid Arm with Slave Brain / Illithid Arm with Dreadstaff,Xenostalker Leg,Xenostalker Leg
322,Draconid,龙人,Draconid,龙人,是,Draconid Head Triple,Draconid Body,Draconid Arm,Draconid Arm,Draconid Leg,Draconid Leg
323,Draconid,龙人,Draconid,龙人,是,Draconid Head Double,Draconid Body,Draconid Arm,Draconid Arm,Draconid Leg,Draconid Leg
324,Draconid,龙人,Dragon Rider,驭龙者,是,Draconid Head,Draconid Body with Rider,Draconid Arm,Draconid Arm,Draconid Leg,Draconid Leg
325,Draconid,龙人,Draconid,龙人,是,Draconid Head,Draconid Body,Draconid Arm,Draconid Arm,Draconid Leg,Draconid Leg
326,Draconid hybrids,龙人混种,Pest,害虫,是,Mantis Head,Mantis Body / Female Mantis Body,Draconid Arm,Draconid Arm,Mantis Leg,Mantis Leg
327,Draconid hybrids,龙人混种,Lizard King,蜥蜴之王,是,Draconid Head,Lizard Man Body / Lizard Man Body with Armor,Lizard Man Arm with Armor and Blaster / Lizard Man Arm with Armor and Bomb / Lizard Man Arm with Armor and Disc / Lizard Man Arm with Armor and Spear / Lizard Man Arm with Blaster / Lizard Man Arm with Bomb / Lizard Man Arm with Disc / Lizard Man Arm with Spear,Lizard Man Arm with Armor and Blaster / Lizard Man Arm with Armor and Bomb / Lizard Man Arm with Armor and Disc / Lizard Man Arm with Armor and Spear / Lizard Man Arm with Blaster / Lizard Man Arm with Bomb / Lizard Man Arm with Disc / Lizard Man Arm with Spear,Lizard Man Leg / Lizard Man Leg with Boot,Lizard Man Leg / Lizard Man Leg with Boot
328,Draconid hybrids,龙人混种,Lizard God,蜥蜴之神,是,Draconid Head / Draconid Head Double / Draconid Head Triple,Draconid Body / Draconid Body with Rider,Lizard Man Arm with Armor and Blaster / Lizard Man Arm with Armor and Bomb / Lizard Man Arm with Armor and Disc / Lizard Man Arm with Armor and Spear / Lizard Man Arm with Blaster / Lizard Man Arm with Bomb / Lizard Man Arm with Disc / Lizard Man Arm with Spear,Lizard Man Arm with Armor and Blaster / Lizard Man Arm with Armor and Bomb / Lizard Man Arm with Armor and Disc / Lizard Man Arm with Armor and Spear / Lizard Man Arm with Blaster / Lizard Man Arm with Bomb / Lizard Man Arm with Disc / Lizard Man Arm with Spear,Draconid Leg,Draconid Leg
329,Draconid hybrids,龙人混种,Dragon Harpy,龙裔鹰身女妖,是,Harpy Head / Harpy Head with Helmet / Harpy Head with Diadem,Harpy Body / Harpy Body with Armor,Draconid Arm,Draconid Arm,Harpy Leg / Harpy Leg with Steel Claws,Harpy Leg / Harpy Leg with Steel Claws
330,Draconid hybrids,龙人混种,Harpy Half-Breed,鹰身女妖 混血种,是,Harpy Head / Harpy Head with Helmet / Harpy Head with Diadem,Harpy Body / Harpy Body with Armor,Harpy Wing / Harpy Wing with Steel Feathers,Draconid Arm,Harpy Leg / Harpy Leg with Steel Claws,Draconid Leg
331,Draconid hybrids,龙人混种,Wyvern,双足飞龙,是,Draconid Head / Draconid Head Double / Draconid Head Triple,Draconid Body / Draconid Body with Rider,Harpy Wing,Harpy Wing,Harpy Leg,Harpy Leg
332,Draconid hybrids,龙人混种,Seraphim,炽天使,是,Angel Head,Angel Body with Wings,Draconid Arm,Draconid Arm,Angel Leg,Angel Leg
333,Draconid hybrids,龙人混种,Lizard Dragonwing,蜥蜴人 龙翼,是,Lizard Man Head / Lizard Man Head with Helmet,Lizard Man Body / Lizard Man Body with Armor,Draconid Arm,Draconid Arm,Lizard Man Leg / Lizard Man Leg with Boot,Lizard Man Leg / Lizard Man Leg with Boot
334,Draconid hybrids,龙人混种,Battle Wyvern,战斗双足飞龙,是,Draconid Head / Draconid Head Double / Draconid Head Triple,Draconid Body / Draconid Body with Rider,Harpy Wing with Steel Feathers,Harpy Wing with Steel Feathers,Harpy Leg with Steel Claws,Harpy Leg with Steel Claws
335,Earth Elemental,土元素,Earth Elemental,土元素,是,Earth Elemental Head,Earth Elemental Body,Earth Elemental Arm,Earth Elemental Arm,Earth Elemental Leg,Earth Elemental Leg
336,Earth Elemental,土元素,Grove Elemental,林地元素,是,Treant Head / Treant Head with Raven Nest,Earth Elemental Body,Treant Arm / Treant Arm with Explosive Acorns / Treant Arm with Beehive / Treant Arm with Burning Branches,Treant Arm / Treant Arm with Explosive Acorns / Treant Arm with Beehive / Treant Arm with Burning Branches,Earth Elemental Leg,Earth Elemental Leg
337,Fire Elemental,火元素及混种,Elemental,元素体,是,Fire Elemental Head,Fire Elemental Body,Fire Elemental Arm,Fire Elemental Arm,Fire Elemental Leg,Fire Elemental Leg
338,Fire Elemental,火元素及混种,Ifrit,伊弗利特,是,Cyclops Head / Cyclops Head with Slave Mask,Cyclops Body,Fire Elemental Arm,Fire Elemental Arm,Fire Elemental Leg,Fire Elemental Leg
339,Fire Elemental,火元素及混种,Hellfire Demon,地狱火恶魔,是,Demon Head,Demon Body,Fire Elemental Arm,Fire Elemental Arm,Demon Leg,Demon Leg
340,Fire Elemental,火元素及混种,Fire Ent,火焰树人,是,Fire Elemental Head,Fire Elemental Body,Treant Arm with Burning Branches,Treant Arm with Burning Branches,Treant Leg,Treant Leg
341,Fire Elemental,火元素及混种,Jötunn Colossus,霜巨人巨像,是,Jötunn Head / Jötunn Head with Armor,Jötunn Body / Jötunn Body with Armor,Jötunn Arm with Armor and Double Axe / Jotun Arm with Armor and Thor's Hammer / Jotun Arm with Armor and Horn / Jötunn Arm with Armor and Ice Sword / Jotun Arm with Armor and Tesseract / Jötunn Arm with Armor and Totem / Jötunn Arm with Double Axe / Jotun Arm with Thor's Hammer / Jötunn Arm with Horn / Jötunn Arm with Ice Sword / Jotun Arm with Tesseract / Jötunn Arm with Totem,Jötunn Arm with Armor and Double Axe / Jotun Arm with Armor and Thor's Hammer / Jotun Arm with Armor and Horn / Jötunn Arm with Armor and Ice Sword / Jotun Arm with Armor and Tesseract / Jötunn Arm with Armor and Totem / Jötunn Arm with Double Axe / Jotun Arm with Thor's Hammer / Jötunn Arm with Horn / Jötunn Arm with Ice Sword / Jotun Arm with Tesseract / Jötunn Arm with Totem,Fire Elemental Leg,Fire Elemental Leg
342,Fire Elemental,火元素及混种,Fire Spirit,火焰之灵,是,Fire Elemental Head,Fire Elemental Body,Angel Arm with Flaming Sword / Angel Arm with Glaive,Angel Arm with Flaming Sword / Angel Arm with Glaive,Angel Leg,Angel Leg
343,Fire Elemental,火元素及混种,Failed Prototype,失败的原型体,是,Fire Elemental Head,Steel Golem Body,Fire Elemental Arm,Fire Elemental Arm,Steel Golem Leg,Steel Golem Leg
344,Fire Elemental,火元素及混种,Salamander,火蜥蜴,是,Fire Elemental Head,Fire Elemental Body,Draconid Arm,Draconid Arm,Draconid Leg,Draconid Leg
345,Vampire,吸血鬼及混种,Vampire,吸血鬼,是,Vampire Head,Vampire Body,Vampire Arm,Vampire Arm,Vampire Leg,Vampire Leg
346,Vampire,吸血鬼及混种,Ghoul,食尸鬼,是,Vampire Head,Zombie Body,Zombie Arm with Armor and Axe / Zombie Arm with Armor and Crossbow / Zombie Arm with Armor and Shield / Zombie Arm with Armor and Sword / Zombie Arm with Axe / Zombie Arm with a Book of Lightning / Zombie Arm with the Book of Poison / Zombie Arm with Crossbow / Zombie Arm with Shield / Zombie Arm with Sword / Zombie Arm with Magic Wand,Zombie Arm with Armor and Axe / Zombie Arm with Armor and Crossbow / Zombie Arm with Armor and Shield / Zombie Arm with Armor and Sword / Zombie Arm with Axe / Zombie Arm with a Book of Lightning / Zombie Arm with the Book of Poison / Zombie Arm with Crossbow / Zombie Arm with Shield / Zombie Arm with Sword / Zombie Arm with Magic Wand,Zombie Leg / Zombie Leg with Boot,Zombie Leg / Zombie Leg with Boot
347,Vampire,吸血鬼及混种,Strigoi,斯特里戈伊,是,Vampire Head,Zombie Body / Zombie Body with Armor / Zombie Body with Cloak,Vampire Arm,Vampire Arm,Zombie Leg / Zombie Leg with Boot,Zombie Leg / Zombie Leg with Boot
348,Vampire,吸血鬼及混种,Infected Vampire,感染体 吸血鬼,是,Mantis Head,Vampire Body,Mantis Arm,Mantis Arm,Vampire Leg,Vampire Leg
349,Vampire,吸血鬼及混种,Vampire Arachnid,吸血鬼 蛛形体,是,Vampire Head,Vampire Body,Vampire Arm,Vampire Arm,Mantis Leg,Mantis Leg
350,Vampire,吸血鬼及混种,Vampire-Insectoid,吸血鬼昆虫体,是,Vampire Head,Vampire Body,Mantis Arm,Mantis Arm,Mantis Leg,Mantis Leg
351,Vampire,吸血鬼及混种,Orc Bloodsucker,兽人吸血者,是,Vampire Head,Orc Body / Orc Body with Armor / Orc Body in Wolf Skin,Orc Arm with Armor and Axe / Orc Arm with Armor and Mace / Orc Arm with Armor and Shield / Orc Arm with Armor and Sword / Orc Arm with Axe / Orc Arm with Mace / Orc Arm with Shield / Orc Arm with Skull / Orc Arm with Staff / Orc Arm with Sword,Orc Arm with Armor and Axe / Orc Arm with Armor and Mace / Orc Arm with Armor and Shield / Orc Arm with Armor and Sword / Orc Arm with Axe / Orc Arm with Mace / Orc Arm with Shield / Orc Arm with Skull / Orc Arm with Staff / Orc Arm with Sword,Orc Leg / Orc Leg with Boot,Orc Leg / Orc Leg with Boot
352,Vampire,吸血鬼及混种,Brooks,布鲁克斯,是,Harpy Head / Harpy Head with Helmet / Harpy Head with Diadem,Harpy Body / Harpy Body with Armor,Vampire Arm,Vampire Arm,Vampire Leg,Vampire Leg
353,Vampire,吸血鬼及混种,Gargoyle,石像鬼,是,Vampire Head,Harpy Body / Harpy Body with Armor,Harpy Wing / Harpy Wing with Steel Feathers,Harpy Wing / Harpy Wing with Steel Feathers,Harpy Leg / Harpy Leg with Steel Claws,Harpy Leg / Harpy Leg with Steel Claws
354,Vampire,吸血鬼及混种,Banshee,报丧女妖,是,Harpy Head,Vampire Body,Harpy Wing,Harpy Wing,Vampire Leg,Vampire Leg
355,Vampire,吸血鬼及混种,Nosferatu,诺斯费拉图,是,Vampire Head,Vampire Body,Harpy Wing,Harpy Wing,Vampire Leg,Vampire Leg
356,Vampire,吸血鬼及混种,Cursed Mummy,诅咒木乃伊,是,Vampire Head,Mummy Body,Mummy Arm / Mummy Arm with Djed,Mummy Arm / Mummy Arm with Djed,Mummy Leg,Mummy Leg
357,Vampire,吸血鬼及混种,Enslaved vampire,被奴役的吸血鬼,是,Illithid Head / Illithid Head with Braineating Larva,Vampire Body,Illithid Arm with Book of Nightmares / Illithid Arm with Slave Brain / Illithid Arm with Dreadstaff,Illithid Arm with Book of Nightmares / Illithid Arm with Slave Brain / Illithid Arm with Dreadstaff,Vampire Leg,Vampire Leg
358,Vampire,吸血鬼及混种,Vampire Half-Breed,吸血鬼 混血种,是,Vampire Head,Vampire Body,Vampire Arm,Werewolf Arm,Vampire Leg,Werewolf Leg
359,Vampire,吸血鬼及混种,Werewolf Half-Breed,狼人 混血种,是,Werewolf Head,Werewolf Body,Werewolf Arm,Vampire Arm,Werewolf Leg,Vampire Leg
360,Vampire,吸血鬼及混种,Elder Vampire,远古吸血鬼,是,Vampire Head,Vampire Body,Draconid Arm,Draconid Arm,Vampire Leg,Vampire Leg
361,Mechanoid,机械体,Burner,焚烧者,是,Mechanoid Head with Flamethrower,Mechanoid Body / Mechanoid Body with Rocket Launcher,Mechanoid Arm with Flamethrower,Mechanoid Arm with Flamethrower,Mechanoid Leg,Mechanoid Leg
362,Mechanoid,机械体,Demolition Mechanoid,爆破机械体,是,Mechanoid Head / Mechanoid Head with Flamethrower / Mechanoid Head with Laser,Mechanoid Body with Rocket Launcher,Mechanoid Arm with Grenade Launcher,Mechanoid Arm with Grenade Launcher,Mechanoid Leg,Mechanoid Leg
363,Mechanoid,机械体,Mechanoid Stormtrooper,机械体突击兵,是,Mechanoid Head,Mechanoid Body,Mechanoid Arm with Chainsaw / Mechanoid Arm with Dual Lightsaber,Mechanoid Arm with Chainsaw / Mechanoid Arm with Dual Lightsaber,Mechanoid Leg,Mechanoid Leg
364,Mechanoid,机械体,Terminator,终结者,是,Mechanoid Head with Laser,Mechanoid Body / Mechanoid Body with Rocket Launcher,Mechanoid Arm with Machine Gun,Mechanoid Arm with Grenade Launcher,Mechanoid Leg,Mechanoid Leg
365,Mechanoid early hybrids,机械体前期混种,Crippled Zombie,残缺的 僵尸,是,Zombie Head / Zombie Head with Helmet / Zombie Head with Magic Hat,Zombie Body / Zombie Body with Armor / Zombie Body with Cloak,Zombie Arm with Armor and Axe / Zombie Arm with Armor and Crossbow / Zombie Arm with Armor and Shield / Zombie Arm with Armor and Sword / Zombie Arm with Axe / Zombie Arm with a Book of Lightning / Zombie Arm with the Book of Poison / Zombie Arm with Crossbow / Zombie Arm with Shield / Zombie Arm with Sword / Zombie Arm with Magic Wand,Zombie Arm with Armor and Axe / Zombie Arm with Armor and Crossbow / Zombie Arm with Armor and Shield / Zombie Arm with Armor and Sword / Zombie Arm with Axe / Zombie Arm with a Book of Lightning / Zombie Arm with the Book of Poison / Zombie Arm with Crossbow / Zombie Arm with Shield / Zombie Arm with Sword / Zombie Arm with Magic Wand,Zombie Leg / Zombie Leg with Boot,Mechanoid Leg
366,Mechanoid early hybrids,机械体前期混种,Cyborg,赛博改造体,是,Zombie Head / Zombie Head with Helmet / Zombie Head with Magic Hat,Zombie Body / Zombie Body with Armor / Zombie Body with Cloak,Mechanoid Arm with Flamethrower / Mechanoid Arm with Grenade Launcher / Mechanoid Arm with Chainsaw / Mechanoid Arm with Dual Lightsaber / Mechanoid Arm with Machine Gun,Mechanoid Arm with Flamethrower / Mechanoid Arm with Grenade Launcher / Mechanoid Arm with Chainsaw / Mechanoid Arm with Dual Lightsaber / Mechanoid Arm with Machine Gun,Mechanoid Leg,Mechanoid Leg
367,Mechanoid early hybrids,机械体前期混种,Robot Spider,机械蜘蛛,是,Mechanoid Head / Mechanoid Head with Flamethrower / Mechanoid Head with Laser,Mechanoid Body / Mechanoid Body with Rocket Launcher,Mechanoid Arm with Flamethrower / Mechanoid Arm with Grenade Launcher / Mechanoid Arm with Chainsaw / Mechanoid Arm with Dual Lightsaber / Mechanoid Arm with Machine Gun,Mechanoid Arm with Flamethrower / Mechanoid Arm with Grenade Launcher / Mechanoid Arm with Chainsaw / Mechanoid Arm with Dual Lightsaber / Mechanoid Arm with Machine Gun,Mantis Leg,Mantis Leg
368,Mechanoid early hybrids,机械体前期混种,Crippled Orc,残缺的 兽人,是,Orc Head / Orc Head with Helmet / Orc Head with Boar Mask,Orc Body / Orc Body with Armor / Orc Body in Wolf Skin,Orc Arm with Armor and Axe / Orc Arm with Armor and Mace / Orc Arm with Armor and Shield / Orc Arm with Armor and Sword / Orc Arm with Axe / Orc Arm with Mace / Orc Arm with Shield / Orc Arm with Skull / Orc Arm with Staff / Orc Arm with Sword,Orc Arm with Armor and Axe / Orc Arm with Armor and Mace / Orc Arm with Armor and Shield / Orc Arm with Armor and Sword / Orc Arm with Axe / Orc Arm with Mace / Orc Arm with Shield / Orc Arm with Skull / Orc Arm with Staff / Orc Arm with Sword,Orc Leg / Orc Leg with Boot,Mechanoid Leg
369,Mechanoid early hybrids,机械体前期混种,Orc Cyborg,兽人 赛博改造,是,Orc Head / Orc Head with Helmet / Orc Head with Boar Mask,Orc Body / Orc Body with Armor / Orc Body in Wolf Skin,Mechanoid Arm with Flamethrower / Mechanoid Arm with Grenade Launcher / Mechanoid Arm with Chainsaw / Mechanoid Arm with Dual Lightsaber / Mechanoid Arm with Machine Gun,Mechanoid Arm with Flamethrower / Mechanoid Arm with Grenade Launcher / Mechanoid Arm with Chainsaw / Mechanoid Arm with Dual Lightsaber / Mechanoid Arm with Machine Gun,Mechanoid Leg,Mechanoid Leg
370,Mechanoid early hybrids,机械体前期混种,Crippled Cyclops,残缺的 独眼巨人,是,Cyclops Head / Cyclops Head with Slave Mask,Cyclops Body,Cyclops Arm with Boulder / Cyclops Arm with Uprooted Tree,Cyclops Arm with Boulder / Cyclops Arm with Uprooted Tree,Cyclops Leg,Mechanoid Leg
371,Mechanoid early hybrids,机械体前期混种,Cripple Lizard,残缺的 蜥蜴人,是,Lizard Man Head / Lizard Man Head with Helmet,Lizard Man Body / Lizard Man Body with Armor,Lizard Man Arm with Armor and Blaster / Lizard Man Arm with Armor and Bomb / Lizard Man Arm with Armor and Disc / Lizard Man Arm with Armor and Spear / Lizard Man Arm with Blaster / Lizard Man Arm with Bomb / Lizard Man Arm with Disc / Lizard Man Arm with Spear,Lizard Man Arm with Armor and Blaster / Lizard Man Arm with Armor and Bomb / Lizard Man Arm with Armor and Disc / Lizard Man Arm with Armor and Spear / Lizard Man Arm with Blaster / Lizard Man Arm with Bomb / Lizard Man Arm with Disc / Lizard Man Arm with Spear,Lizard Man Leg / Lizard Man Leg with Boot,Mechanoid Leg
372,Mechanoid early hybrids,机械体前期混种,Cyborg Lizard,赛博改造 蜥蜴人,是,Lizard Man Head / Lizard Man Head with Helmet,Lizard Man Body / Lizard Man Body with Armor,Mechanoid Arm with Flamethrower / Mechanoid Arm with Grenade Launcher / Mechanoid Arm with Chainsaw / Mechanoid Arm with Dual Lightsaber / Mechanoid Arm with Machine Gun,Mechanoid Arm with Flamethrower / Mechanoid Arm with Grenade Launcher / Mechanoid Arm with Chainsaw / Mechanoid Arm with Dual Lightsaber / Mechanoid Arm with Machine Gun,Mechanoid Leg,Mechanoid Leg
373,Mechanoid later hybrids,机械体后期混种,Cyborg Harpy,赛博改造 鹰身女妖,是,Harpy Head / Harpy Head with Helmet / Harpy Head with Diadem,Harpy Body / Harpy Body with Armor,Mechanoid Arm with Flamethrower / Mechanoid Arm with Grenade Launcher / Mechanoid Arm with Chainsaw / Mechanoid Arm with Dual Lightsaber / Mechanoid Arm with Machine Gun,Mechanoid Arm with Flamethrower / Mechanoid Arm with Grenade Launcher / Mechanoid Arm with Chainsaw / Mechanoid Arm with Dual Lightsaber / Mechanoid Arm with Machine Gun,Mechanoid Leg,Mechanoid Leg
374,Mechanoid later hybrids,机械体后期混种,Drone,无人机,是,Mechanoid Head / Mechanoid Head with Flamethrower / Mechanoid Head with Laser,Mechanoid Body / Mechanoid Body with Rocket Launcher,Harpy Wing with Steel Feathers,Harpy Wing with Steel Feathers,Mechanoid Leg,Mechanoid Leg
375,Mechanoid later hybrids,机械体后期混种,Cyberdemon,赛博恶魔,是,Demon Head,Demon Body,Mechanoid Arm with Flamethrower / Mechanoid Arm with Grenade Launcher / Mechanoid Arm with Chainsaw / Mechanoid Arm with Dual Lightsaber / Mechanoid Arm with Machine Gun,Mechanoid Arm with Flamethrower / Mechanoid Arm with Grenade Launcher / Mechanoid Arm with Chainsaw / Mechanoid Arm with Dual Lightsaber / Mechanoid Arm with Machine Gun,Demon Leg,Demon Leg
376,Mechanoid later hybrids,机械体后期混种,Cyborg Werewolf,赛博改造 狼人,是,Werewolf Head,Werewolf Body,Mechanoid Arm with Flamethrower / Mechanoid Arm with Grenade Launcher / Mechanoid Arm with Chainsaw / Mechanoid Arm with Dual Lightsaber / Mechanoid Arm with Machine Gun,Mechanoid Arm with Flamethrower / Mechanoid Arm with Grenade Launcher / Mechanoid Arm with Chainsaw / Mechanoid Arm with Dual Lightsaber / Mechanoid Arm with Machine Gun,Mechanoid Leg,Mechanoid Leg
377,Mechanoid later hybrids,机械体后期混种,Crippled Jötunn,残缺的 霜巨人,是,Jötunn Head / Jötunn Head with Armor,Jötunn Body / Jötunn Body with Armor,Jötunn Arm with Armor and Double Axe / Jotun Arm with Armor and Thor's Hammer / Jotun Arm with Armor and Horn / Jötunn Arm with Armor and Ice Sword / Jotun Arm with Armor and Tesseract / Jötunn Arm with Armor and Totem / Jötunn Arm with Double Axe / Jotun Arm with Thor's Hammer / Jötunn Arm with Horn / Jötunn Arm with Ice Sword / Jotun Arm with Tesseract / Jötunn Arm with Totem,Jötunn Arm with Armor and Double Axe / Jotun Arm with Armor and Thor's Hammer / Jotun Arm with Armor and Horn / Jötunn Arm with Armor and Ice Sword / Jotun Arm with Armor and Tesseract / Jötunn Arm with Armor and Totem / Jötunn Arm with Double Axe / Jotun Arm with Thor's Hammer / Jötunn Arm with Horn / Jötunn Arm with Ice Sword / Jotun Arm with Tesseract / Jötunn Arm with Totem,Jötunn Leg / Jötunn Leg with Armor,Mechanoid Leg
378,Mechanoid later hybrids,机械体后期混种,Cyborg Jötunn,赛博改造 霜巨人,是,Jötunn Head / Jötunn Head with Armor,Jötunn Body / Jötunn Body with Armor,Mechanoid Arm with Flamethrower / Mechanoid Arm with Grenade Launcher / Mechanoid Arm with Chainsaw / Mechanoid Arm with Dual Lightsaber / Mechanoid Arm with Machine Gun,Mechanoid Arm with Flamethrower / Mechanoid Arm with Grenade Launcher / Mechanoid Arm with Chainsaw / Mechanoid Arm with Dual Lightsaber / Mechanoid Arm with Machine Gun,Mechanoid Leg,Mechanoid Leg
379,Mechanoid later hybrids,机械体后期混种,Cyborg Angel,赛博改造 天使,是,Angel Head,Angel Body with Wings,Mechanoid Arm with Flamethrower / Mechanoid Arm with Grenade Launcher / Mechanoid Arm with Chainsaw / Mechanoid Arm with Dual Lightsaber / Mechanoid Arm with Machine Gun,Mechanoid Arm with Flamethrower / Mechanoid Arm with Grenade Launcher / Mechanoid Arm with Chainsaw / Mechanoid Arm with Dual Lightsaber / Mechanoid Arm with Machine Gun,Mechanoid Leg,Mechanoid Leg
380,Mechanoid prototypes,机械体原型及高级混种,Prototype 1,原型 1,是,Steel Golem Head,Mechanoid Body / Mechanoid Body with Rocket Launcher,Steel Golem Arm with Gatling Gun / Steel Golem Arm with Steam Gun / Steel Golem Arm with Spark Gap Tesla Coil / Steel Golem Arm with Steam Saw,Steel Golem Arm with Gatling Gun / Steel Golem Arm with Steam Gun / Steel Golem Arm with Spark Gap Tesla Coil / Steel Golem Arm with Steam Saw,Mechanoid Leg,Mechanoid Leg
381,Mechanoid prototypes,机械体原型及高级混种,Prototype 2,原型 2,是,Steel Golem Head,Steel Golem Body,Mechanoid Arm with Machine Gun,Steel Golem Arm with Gatling Gun / Steel Golem Arm with Steam Gun / Steel Golem Arm with Spark Gap Tesla Coil / Steel Golem Arm with Steam Saw,Steel Golem Leg,Steel Golem Leg
382,Mechanoid prototypes,机械体原型及高级混种,Prototype 3,原型 3,是,Steel Golem Head,Steel Golem Body,Mechanoid Arm with Dual Lightsaber,Steel Golem Arm with Gatling Gun / Steel Golem Arm with Steam Gun / Steel Golem Arm with Spark Gap Tesla Coil / Steel Golem Arm with Steam Saw,Steel Golem Leg,Steel Golem Leg
383,Mechanoid prototypes,机械体原型及高级混种,Prototype 4,原型 4,是,Mechanoid Head with Laser,Steel Golem Body,Steel Golem Arm with Gatling Gun / Steel Golem Arm with Steam Gun / Steel Golem Arm with Spark Gap Tesla Coil / Steel Golem Arm with Steam Saw,Steel Golem Arm with Gatling Gun / Steel Golem Arm with Steam Gun / Steel Golem Arm with Spark Gap Tesla Coil / Steel Golem Arm with Steam Saw,Steel Golem Leg,Steel Golem Leg
384,Mechanoid prototypes,机械体原型及高级混种,Prototype 5,原型 5,是,Steel Golem Head,Mechanoid Body with Rocket Launcher,Steel Golem Arm with Gatling Gun / Steel Golem Arm with Steam Gun / Steel Golem Arm with Spark Gap Tesla Coil / Steel Golem Arm with Steam Saw,Steel Golem Arm with Gatling Gun / Steel Golem Arm with Steam Gun / Steel Golem Arm with Spark Gap Tesla Coil / Steel Golem Arm with Steam Saw,Steel Golem Leg,Steel Golem Leg
385,Mechanoid prototypes,机械体原型及高级混种,Prototype 6,原型 6,是,Steel Golem Head,Steel Golem Body,Mechanoid Arm with Grenade Launcher,Steel Golem Arm with Gatling Gun / Steel Golem Arm with Steam Gun / Steel Golem Arm with Spark Gap Tesla Coil / Steel Golem Arm with Steam Saw,Steel Golem Leg,Steel Golem Leg
386,Mechanoid prototypes,机械体原型及高级混种,Prototype 7,原型 7,是,Mechanoid Head,Steel Golem Body,Steel Golem Arm with Gatling Gun / Steel Golem Arm with Steam Gun / Steel Golem Arm with Spark Gap Tesla Coil / Steel Golem Arm with Steam Saw,Steel Golem Arm with Gatling Gun / Steel Golem Arm with Steam Gun / Steel Golem Arm with Spark Gap Tesla Coil / Steel Golem Arm with Steam Saw,Steel Golem Leg,Steel Golem Leg
387,Mechanoid prototypes,机械体原型及高级混种,Prototype 8,原型 8,是,Mechanoid Head,Mechanoid Body,Steel Golem Arm with Gatling Gun / Steel Golem Arm with Steam Gun / Steel Golem Arm with Spark Gap Tesla Coil / Steel Golem Arm with Steam Saw,Steel Golem Arm with Gatling Gun / Steel Golem Arm with Steam Gun / Steel Golem Arm with Spark Gap Tesla Coil / Steel Golem Arm with Steam Saw,Steel Golem Leg,Steel Golem Leg
388,Mechanoid prototypes,机械体原型及高级混种,Prototype 9,原型 9,是,Mechanoid Head with Flamethrower,Steel Golem Body,Steel Golem Arm with Gatling Gun / Steel Golem Arm with Steam Gun / Steel Golem Arm with Spark Gap Tesla Coil / Steel Golem Arm with Steam Saw,Steel Golem Arm with Gatling Gun / Steel Golem Arm with Steam Gun / Steel Golem Arm with Spark Gap Tesla Coil / Steel Golem Arm with Steam Saw,Steel Golem Leg,Steel Golem Leg
389,Mechanoid prototypes,机械体原型及高级混种,Cyborg Draconid,赛博改造 龙人,是,Draconid Head / Draconid Head Double / Draconid Head Triple,Draconid Body / Draconid Body with Rider,Mechanoid Arm with Flamethrower / Mechanoid Arm with Grenade Launcher / Mechanoid Arm with Chainsaw / Mechanoid Arm with Dual Lightsaber / Mechanoid Arm with Machine Gun,Mechanoid Arm with Flamethrower / Mechanoid Arm with Grenade Launcher / Mechanoid Arm with Chainsaw / Mechanoid Arm with Dual Lightsaber / Mechanoid Arm with Machine Gun,Mechanoid Leg,Mechanoid Leg
390,Mechanoid prototypes,机械体原型及高级混种,Crippled Vampire,残缺的 吸血鬼,是,Vampire Head,Vampire Body,Vampire Arm,Vampire Arm,Vampire Leg,Mechanoid Leg
391,Mechanoid prototypes,机械体原型及高级混种,Cyborg Vampire,赛博改造 吸血鬼,是,Vampire Head,Vampire Body,Mechanoid Arm with Flamethrower / Mechanoid Arm with Grenade Launcher / Mechanoid Arm with Chainsaw / Mechanoid Arm with Dual Lightsaber / Mechanoid Arm with Machine Gun,Mechanoid Arm with Flamethrower / Mechanoid Arm with Grenade Launcher / Mechanoid Arm with Chainsaw / Mechanoid Arm with Dual Lightsaber / Mechanoid Arm with Machine Gun,Mechanoid Leg,Mechanoid Leg
392,Xenohorror,异形恐魔,Xenoabomination,异星憎恶体,是,Xenohorror Head,Xenohorror Body,Xenohorror Arm,Xenohorror Arm,Xenohorror Leg,Xenohorror Leg
393,Xenohorror,异形恐魔,Zombie Necromorph,僵尸尸变体,是,Xenohorror Head,Zombie Body / Zombie Body with Armor / Zombie Body with Cloak,Zombie Arm with Armor and Axe / Zombie Arm with Armor and Crossbow / Zombie Arm with Armor and Shield / Zombie Arm with Armor and Sword / Zombie Arm with Axe / Zombie Arm with a Book of Lightning / Zombie Arm with the Book of Poison / Zombie Arm with Crossbow / Zombie Arm with Shield / Zombie Arm with Sword / Zombie Arm with Magic Wand,Xenohorror Arm,Zombie Leg / Zombie Leg with Boot,Xenohorror Leg
394,Xenohorror,异形恐魔,Xenomorph Stalker,异形潜猎者,是,Xenohorror Head,Xenostalker Body,Xenohorror Arm,Xenostalker Arm,Xenohorror Leg,Xenostalker Leg
395,Cybersaurus,赛博恐龙,Cybersaurus,赛博恐龙,是,Cybersaurus Head,Cybersaurus Body,Cybersaurus Arm,Cybersaurus Arm,Cybersaurus Leg,Cybersaurus Leg
396,Cybersaurus,赛博恐龙,Cybersaurus Cleaner,赛博恐龙·清除者,是,Cybersaurus Head with Devastator,Cybersaurus Body with Mortar,Cybersaurus Arm,Cybersaurus Arm,Cybersaurus Leg,Cybersaurus Leg
397,Cybersaurus,赛博恐龙,Cybersaurus Nullifier,赛博恐龙·湮灭者,是,Cybersaurus Head with Antimatter Generator,Cybersaurus Body with Railgun,Cybersaurus Arm with Annihilator,Cybersaurus Arm with Annihilator,Cybersaurus Leg,Cybersaurus Leg
